mode,query,query_type,difficulty,latency,ndcg@5,ndcg@10,mrr,recall@5,recall@10,precision@5,precision@10,f1@5,f1@10,relevant_count,result_doc_types,relevance_scores
Pure_Vector,paper jam solution,keyword,easy,0.4217972755432129,0.9124087591240877,0.7112857336404282,1.0,1.0,1.0,0.8,0.4,0.888888888888889,0.5714285714285715,5.0,"[""TechDocs"", ""TechDocs"", ""TechDocs"", ""TechDocs"", ""TechDocs"", ""TechDocs"", ""TechDocs"", ""TechDocs"", ""TechDocs"", ""TechDocs""]","[1.0, 1.0, 1.0, 1.0, 0.0, 0.0, 0.0, 0.0, 0.0, 0.0, 0.0, 0.0, 0.0, 0.0, 1.0, 0.0, 0.0, 0.0, 0.0, 0.0, 0.0, 0.0, 0.0, 0.0, 0.0, 0.0, 0.0, 0.0, 0.0, 0.0, 0.0, 0.0, 0.0, 0.0, 0.0, 0.0, 0.0, 0.0, 0.0, 0.0, 0.0, 0.0, 0.0, 0.0, 0.0, 0.0, 0.0, 0.0, 0.0, 0.0]"
Pure_Vector,how to reset the device,semantic,easy,0.09283852577209473,0.21897810218978103,0.17070857607370277,0.5,0.3333333333333333,0.3333333333333333,0.2,0.1,0.25,0.15384615384615383,2.0,"[""TechDocs"", ""TechDocs"", ""TechDocs"", ""TechDocs"", ""TechDocs"", ""TechDocs"", ""TechDocs"", ""TechDocs"", ""TechDocs"", ""TechDocs""]","[0.0, 1.0, 0.0, 0.0, 0.0, 0.0, 0.0, 0.0, 0.0, 0.0, 0.0, 0.0, 0.0, 0.0, 0.0, 0.0, 0.0, 0.0, 0.0, 0.0, 1.0, 0.0, 0.0, 0.0, 0.0, 0.0, 0.0, 0.0, 0.0, 0.0, 0.0, 0.0, 0.0, 0.0, 0.0, 0.0, 0.0, 0.0, 0.0, 0.0, 0.0, 0.0, 0.0, 0.0, 0.0, 0.0, 0.0, 0.0, 0.0, 0.0]"
Pure_Vector,scan to email,keyword,easy,0.018048763275146484,0.0,0.0,0.0,0.0,0.0,0.0,0.0,0,0,0.0,"[""Game"", ""Game"", ""TechDocs"", ""Other"", ""TechDocs"", ""TechDocs"", ""Game"", ""Game"", ""TechDocs"", ""TechDocs""]","[0.0, 0.0, 0.0, 0.0, 0.0, 0.0, 0.0, 0.0, 0.0, 0.0, 0.0, 0.0, 0.0, 0.0, 0.0, 0.0, 0.0, 0.0, 0.0, 0.0, 0.0, 0.0, 0.0, 0.0, 0.0, 0.0, 0.0, 0.0, 0.0, 0.0, 0.0, 0.0, 0.0, 0.0, 0.0, 0.0, 0.0, 0.0, 0.0, 0.0, 0.0, 0.0, 0.0, 0.0, 0.0, 0.0, 0.0, 0.0, 0.0, 0.0]"
Pure_Vector,replace toner cartridge,keyword,easy,0.04997611045837402,0.0,0.0,0.0,0.0,0.0,0.0,0.0,0,0,0.0,"[""TechDocs"", ""TechDocs"", ""TechDocs"", ""TechDocs"", ""TechDocs"", ""TechDocs"", ""TechDocs"", ""TechDocs"", ""TechDocs"", ""TechDocs""]","[0.0, 0.0, 0.0, 0.0, 0.0, 0.0, 0.0, 0.0, 0.0, 0.0, 0.0, 0.0, 0.0, 0.0, 0.0, 0.0, 0.0, 0.0, 0.0, 0.0, 0.0, 0.0, 0.0, 0.0, 0.0, 0.0, 0.0, 0.0, 0.0, 0.0, 0.0, 0.0, 0.0, 0.0, 0.0, 0.0, 0.0, 0.0, 0.0, 0.0, 0.0, 0.0, 0.0, 0.0, 0.0, 0.0, 0.0, 0.0, 0.0, 0.0]"
Pure_Vector,connect printer to wifi network,semantic,medium,0.04212188720703125,0.7664233576642336,0.5974800162579597,1.0,1.0,1.0,0.6,0.3,0.7499999999999999,0.4615384615384615,3.0,"[""TechDocs"", ""TechDocs"", ""TechDocs"", ""TechDocs"", ""TechDocs"", ""TechDocs"", ""TechDocs"", ""TechDocs"", ""TechDocs"", ""TechDocs""]","[1.0, 1.0, 0.0, 1.0, 0.0, 0.0, 0.0, 0.0, 0.0, 0.0, 0.0, 0.0, 0.0, 0.0, 0.0, 0.0, 0.0, 0.0, 0.0, 0.0, 0.0, 0.0, 0.0, 0.0, 0.0, 0.0, 0.0, 0.0, 0.0, 0.0, 0.0, 0.0, 0.0, 0.0, 0.0, 0.0, 0.0, 0.0, 0.0, 0.0, 0.0, 0.0, 0.0, 0.0, 0.0, 0.0, 0.0, 0.0, 0.0, 0.0]"
Pure_Vector,software update for printer,semantic,medium,0.03355836868286133,0.0,0.0,0.0,0.0,0.0,0.0,0.0,0,0,0.0,"[""TechDocs"", ""TechDocs"", ""TechDocs"", ""TechDocs"", ""TechDocs"", ""TechDocs"", ""TechDocs"", ""TechDocs"", ""TechDocs"", ""TechDocs""]","[0.0, 0.0, 0.0, 0.0, 0.0, 0.0, 0.0, 0.0, 0.0, 0.0, 0.0, 0.0, 0.0, 0.0, 0.0, 0.0, 0.0, 0.0, 0.0, 0.0, 0.0, 0.0, 0.0, 0.0, 0.0, 0.0, 0.0, 0.0, 0.0, 0.0, 0.0, 0.0, 0.0, 0.0, 0.0, 0.0, 0.0, 0.0, 0.0, 0.0, 0.0, 0.0, 0.0, 0.0, 0.0, 0.0, 0.0, 0.0, 0.0, 0.0]"
Pure_Vector,print from mobile phone,semantic,medium,0.022586345672607422,0.0,0.0,0.0,0.0,0.0,0.0,0.0,0,0,0.0,"[""TechDocs"", ""TechDocs"", ""TechDocs"", ""TechDocs"", ""TechDocs"", ""TechDocs"", ""TechDocs"", ""TechDocs"", ""TechDocs"", ""TechDocs""]","[0.0, 0.0, 0.0, 0.0, 0.0, 0.0, 0.0, 0.0, 0.0, 0.0, 0.0, 0.0, 0.0, 0.0, 0.0, 0.0, 0.0, 0.0, 0.0, 0.0, 0.0, 0.0, 0.0, 0.0, 0.0, 0.0, 0.0, 0.0, 0.0, 0.0, 0.0, 0.0, 0.0, 0.0, 0.0, 0.0, 0.0, 0.0, 0.0, 0.0, 0.0, 0.0, 0.0, 0.0, 0.0, 0.0, 0.0, 0.0, 0.0, 0.0]"
Pure_Vector,troubleshoot print quality,semantic,hard,0.016237258911132812,0.6569343065693432,0.5121257282211082,1.0,0.6666666666666666,0.6666666666666666,0.4,0.2,0.5,0.30769230769230765,2.0,"[""TechDocs"", ""TechDocs"", ""TechDocs"", ""TechDocs"", ""TechDocs"", ""TechDocs"", ""TechDocs"", ""TechDocs"", ""TechDocs"", ""TechDocs""]","[1.0, 1.0, 0.0, 0.0, 0.0, 0.0, 0.0, 0.0, 0.0, 0.0, 0.0, 0.0, 0.0, 0.0, 0.0, 0.0, 0.0, 0.0, 0.0, 0.0, 0.0, 0.0, 0.0, 0.0, 0.0, 0.0, 0.0, 0.0, 0.0, 0.0, 0.0, 0.0, 0.0, 0.0, 0.0, 0.0, 0.0, 0.0, 0.0, 0.0, 0.0, 0.0, 0.0, 0.0, 0.0, 0.0, 0.0, 0.0, 0.0, 0.0]"
Pure_Vector,configure network settings,semantic,hard,0.014194965362548828,0.6569343065693432,0.5121257282211082,1.0,0.6666666666666666,0.6666666666666666,0.4,0.2,0.5,0.30769230769230765,3.0,"[""TechDocs"", ""TechDocs"", ""TechDocs"", ""TechDocs"", ""TechDocs"", ""TechDocs"", ""TechDocs"", ""TechDocs"", ""TechDocs"", ""Legal""]","[1.0, 1.0, 0.0, 0.0, 0.0, 0.0, 0.0, 0.0, 0.0, 0.0, 0.0, 0.0, 1.0, 0.0, 0.0, 0.0, 0.0, 0.0, 0.0, 0.0, 0.0, 0.0, 0.0, 0.0, 0.0, 0.0, 0.0, 0.0, 0.0, 0.0, 0.0, 0.0, 0.0, 0.0, 0.0, 0.0, 0.0, 0.0, 0.0, 0.0, 0.0, 0.0, 0.0, 0.0, 0.0, 0.0, 0.0, 0.0, 0.0, 0.0]"
Pure_Vector,send fax to multiple recipients,semantic,hard,0.014702320098876953,0.854014598540146,0.7463758298333559,1.0,1.3333333333333333,2.0,0.8,0.6,1.0,0.923076923076923,8.0,"[""TechDocs"", ""TechDocs"", ""TechDocs"", ""TechDocs"", ""TechDocs"", ""TechDocs"", ""TechDocs"", ""TechDocs"", ""TechDocs"", ""TechDocs""]","[1.0, 1.0, 0.0, 1.0, 1.0, 0.0, 0.0, 1.0, 1.0, 0.0, 0.0, 0.0, 0.0, 0.0, 0.0, 0.0, 0.0, 0.0, 0.0, 0.0, 0.0, 1.0, 0.0, 0.0, 0.0, 0.0, 0.0, 0.0, 0.0, 0.0, 0.0, 0.0, 0.0, 0.0, 0.0, 0.0, 0.0, 0.0, 0.0, 0.0, 0.0, 0.0, 0.0, 0.0, 0.0, 0.0, 0.0, 0.0, 1.0, 0.0]"
Pure_Vector,clean the printhead,semantic,medium,0.015186786651611328,0.0,0.0,0.0,0.0,0.0,0.0,0.0,0,0,0.0,"[""TechDocs"", ""TechDocs"", ""TechDocs"", ""TechDocs"", ""TechDocs"", ""TechDocs"", ""TechDocs"", ""TechDocs"", ""TechDocs"", ""TechDocs""]","[0.0, 0.0, 0.0, 0.0, 0.0, 0.0, 0.0, 0.0, 0.0, 0.0, 0.0, 0.0, 0.0, 0.0, 0.0, 0.0, 0.0, 0.0, 0.0, 0.0, 0.0, 0.0, 0.0, 0.0, 0.0, 0.0, 0.0, 0.0, 0.0, 0.0, 0.0, 0.0, 0.0, 0.0, 0.0, 0.0, 0.0, 0.0, 0.0, 0.0, 0.0, 0.0, 0.0, 0.0, 0.0, 0.0, 0.0, 0.0, 0.0, 0.0]"
Pure_Vector,factory reset printer,semantic,medium,0.015527009963989258,0.0,0.0,0.0,0.0,0.0,0.0,0.0,0,0,0.0,"[""TechDocs"", ""TechDocs"", ""TechDocs"", ""TechDocs"", ""TechDocs"", ""TechDocs"", ""TechDocs"", ""TechDocs"", ""TechDocs"", ""TechDocs""]","[0.0, 0.0, 0.0, 0.0, 0.0, 0.0, 0.0, 0.0, 0.0, 0.0, 0.0, 0.0, 0.0, 0.0, 0.0, 0.0, 0.0, 0.0, 0.0, 0.0, 0.0, 0.0, 0.0, 0.0, 0.0, 0.0, 0.0, 0.0, 0.0, 0.0, 0.0, 0.0, 0.0, 0.0, 0.0, 0.0, 0.0, 0.0, 0.0, 0.0, 0.0, 0.0, 0.0, 0.0, 0.0, 0.0, 0.0, 0.0, 0.0, 0.0]"
Pure_Vector,check ink level,keyword,easy,0.013788938522338867,0.43795620437956206,0.34141715214740553,1.0,0.3333333333333333,0.3333333333333333,0.2,0.1,0.25,0.15384615384615383,1.0,"[""TechDocs"", ""TechDocs"", ""TechDocs"", ""TechDocs"", ""TechDocs"", ""TechDocs"", ""TechDocs"", ""TechDocs"", ""TechDocs"", ""TechDocs""]","[1.0, 0.0, 0.0, 0.0, 0.0, 0.0, 0.0, 0.0, 0.0, 0.0, 0.0, 0.0, 0.0, 0.0, 0.0, 0.0, 0.0, 0.0, 0.0, 0.0, 0.0, 0.0, 0.0, 0.0, 0.0, 0.0, 0.0, 0.0, 0.0, 0.0, 0.0, 0.0, 0.0, 0.0, 0.0, 0.0, 0.0, 0.0, 0.0, 0.0, 0.0, 0.0, 0.0, 0.0, 0.0, 0.0, 0.0, 0.0, 0.0, 0.0]"
Pure_Vector,duplex printing setup,semantic,medium,0.012247562408447266,0.0,0.0,0.0,0.0,0.0,0.0,0.0,0,0,0.0,"[""TechDocs"", ""TechDocs"", ""TechDocs"", ""TechDocs"", ""TechDocs"", ""TechDocs"", ""TechDocs"", ""TechDocs"", ""TechDocs"", ""TechDocs""]","[0.0, 0.0, 0.0, 0.0, 0.0, 0.0, 0.0, 0.0, 0.0, 0.0, 0.0, 0.0, 0.0, 0.0, 0.0, 0.0, 0.0, 0.0, 0.0, 0.0, 0.0, 0.0, 0.0, 0.0, 0.0, 0.0, 0.0, 0.0, 0.0, 0.0, 0.0, 0.0, 0.0, 0.0, 0.0, 0.0, 0.0, 0.0, 0.0, 0.0, 0.0, 0.0, 0.0, 0.0, 0.0, 0.0, 0.0, 0.0, 0.0, 0.0]"
Pure_Vector,scan document to USB drive,semantic,medium,0.016293048858642578,0.43795620437956206,0.34141715214740553,1.0,0.3333333333333333,0.3333333333333333,0.2,0.1,0.25,0.15384615384615383,1.0,"[""TechDocs"", ""TechDocs"", ""TechDocs"", ""TechDocs"", ""TechDocs"", ""TechDocs"", ""TechDocs"", ""TechDocs"", ""Other"", ""TechDocs""]","[1.0, 0.0, 0.0, 0.0, 0.0, 0.0, 0.0, 0.0, 0.0, 0.0, 0.0, 0.0, 0.0, 0.0, 0.0, 0.0, 0.0, 0.0, 0.0, 0.0, 0.0, 0.0, 0.0, 0.0, 0.0, 0.0, 0.0, 0.0, 0.0, 0.0, 0.0, 0.0, 0.0, 0.0, 0.0, 0.0, 0.0, 0.0, 0.0, 0.0, 0.0, 0.0, 0.0, 0.0, 0.0, 0.0, 0.0, 0.0, 0.0, 0.0]"
Pure_Vector,maintenance schedule,keyword,medium,0.01432657241821289,0.43795620437956206,0.34141715214740553,1.0,0.3333333333333333,0.3333333333333333,0.2,0.1,0.25,0.15384615384615383,2.0,"[""TechDocs"", ""Other"", ""Other"", ""Other"", ""Game"", ""TechDocs"", ""Other"", ""Financial"", ""TechDocs"", ""TechDocs""]","[1.0, 0.0, 0.0, 0.0, 0.0, 0.0, 0.0, 0.0, 0.0, 0.0, 0.0, 0.0, 0.0, 0.0, 0.0, 0.0, 0.0, 0.0, 0.0, 0.0, 0.0, 0.0, 0.0, 0.0, 0.0, 0.0, 0.0, 0.0, 0.0, 0.0, 0.0, 0.0, 0.0, 0.0, 0.0, 0.0, 0.0, 1.0, 0.0, 0.0, 0.0, 0.0, 0.0, 0.0, 0.0, 0.0, 0.0, 0.0, 0.0, 0.0]"
Pure_Vector,energy saving mode,keyword,easy,0.012329339981079102,0.6569343065693432,0.5121257282211082,1.0,0.6666666666666666,0.6666666666666666,0.4,0.2,0.5,0.30769230769230765,4.0,"[""TechDocs"", ""TechDocs"", ""Other"", ""Other"", ""TechDocs"", ""TechDocs"", ""TechDocs"", ""TechDocs"", ""Other"", ""TechDocs""]","[1.0, 1.0, 0.0, 0.0, 0.0, 0.0, 0.0, 0.0, 0.0, 0.0, 1.0, 0.0, 0.0, 0.0, 0.0, 0.0, 0.0, 0.0, 0.0, 0.0, 0.0, 0.0, 0.0, 0.0, 0.0, 0.0, 0.0, 0.0, 0.0, 0.0, 0.0, 0.0, 0.0, 0.0, 0.0, 0.0, 0.0, 0.0, 0.0, 0.0, 0.0, 0.0, 0.0, 0.0, 0.0, 0.0, 0.0, 1.0, 0.0, 0.0]"
Pure_Vector,change paper size,keyword,easy,0.015471696853637695,0.43795620437956206,0.38409429616583124,1.0,0.3333333333333333,0.6666666666666666,0.2,0.2,0.25,0.30769230769230765,3.0,"[""TechDocs"", ""TechDocs"", ""TechDocs"", ""TechDocs"", ""TechDocs"", ""TechDocs"", ""TechDocs"", ""TechDocs"", ""TechDocs"", ""TechDocs""]","[1.0, 0.0, 0.0, 0.0, 0.0, 0.0, 0.0, 1.0, 0.0, 0.0, 0.0, 0.0, 0.0, 0.0, 0.0, 0.0, 0.0, 0.0, 0.0, 0.0, 0.0, 0.0, 0.0, 0.0, 0.0, 0.0, 0.0, 0.0, 0.0, 0.0, 0.0, 0.0, 0.0, 0.0, 0.0, 0.0, 0.0, 0.0, 0.0, 0.0, 0.0, 0.0, 0.0, 0.0, 0.0, 0.0, 0.0, 0.0, 1.0, 0.0]"
Pure_Vector,how to install printer driver,semantic,medium,0.015664339065551758,0.0,0.0,0.0,0.0,0.0,0.0,0.0,0,0,0.0,"[""TechDocs"", ""TechDocs"", ""TechDocs"", ""TechDocs"", ""TechDocs"", ""TechDocs"", ""TechDocs"", ""TechDocs"", ""TechDocs"", ""TechDocs""]","[0.0, 0.0, 0.0, 0.0, 0.0, 0.0, 0.0, 0.0, 0.0, 0.0, 0.0, 0.0, 0.0, 0.0, 0.0, 0.0, 0.0, 0.0, 0.0, 0.0, 0.0, 0.0, 0.0, 0.0, 0.0, 0.0, 0.0, 0.0, 0.0, 0.0, 0.0, 0.0, 0.0, 0.0, 0.0, 0.0, 0.0, 0.0, 0.0, 0.0, 0.0, 0.0, 0.0, 0.0, 0.0, 0.0, 0.0, 0.0, 0.0, 0.0]"
Pure_Vector,wireless connection setup,semantic,medium,0.015485525131225586,0.36496350364963503,0.32719143747459695,0.5,0.6666666666666666,1.0,0.4,0.3,0.5,0.4615384615384615,3.0,"[""TechDocs"", ""TechDocs"", ""TechDocs"", ""TechDocs"", ""TechDocs"", ""TechDocs"", ""TechDocs"", ""TechDocs"", ""TechDocs"", ""TechDocs""]","[0.0, 1.0, 1.0, 0.0, 0.0, 0.0, 0.0, 1.0, 0.0, 0.0, 0.0, 0.0, 0.0, 0.0, 0.0, 0.0, 0.0, 0.0, 0.0, 0.0, 0.0, 0.0, 0.0, 0.0, 0.0, 0.0, 0.0, 0.0, 0.0, 0.0, 0.0, 0.0, 0.0, 0.0, 0.0, 0.0, 0.0, 0.0, 0.0, 0.0, 0.0, 0.0, 0.0, 0.0, 0.0, 0.0, 0.0, 0.0, 0.0, 0.0]"
Pure_Vector,how to scan multiple pages,semantic,medium,0.015509605407714844,0.0,0.0,0.0,0.0,0.0,0.0,0.0,0,0,0.0,"[""TechDocs"", ""Game"", ""Game"", ""Game"", ""Game"", ""TechDocs"", ""Game"", ""Game"", ""TechDocs"", ""TechDocs""]","[0.0, 0.0, 0.0, 0.0, 0.0, 0.0, 0.0, 0.0, 0.0, 0.0, 0.0, 0.0, 0.0, 0.0, 0.0, 0.0, 0.0, 0.0, 0.0, 0.0, 0.0, 0.0, 0.0, 0.0, 0.0, 0.0, 0.0, 0.0, 0.0, 0.0, 0.0, 0.0, 0.0, 0.0, 0.0, 0.0, 0.0, 0.0, 0.0, 0.0, 0.0, 0.0, 0.0, 0.0, 0.0, 0.0, 0.0, 0.0, 0.0, 0.0]"
Pure_Vector,cancel print job,keyword,easy,0.014491796493530273,0.0,0.0,0.0,0.0,0.0,0.0,0.0,0,0,0.0,"[""TechDocs"", ""TechDocs"", ""TechDocs"", ""TechDocs"", ""TechDocs"", ""TechDocs"", ""TechDocs"", ""TechDocs"", ""TechDocs"", ""TechDocs""]","[0.0, 0.0, 0.0, 0.0, 0.0, 0.0, 0.0, 0.0, 0.0, 0.0, 0.0, 0.0, 0.0, 0.0, 0.0, 0.0, 0.0, 0.0, 0.0, 0.0, 0.0, 0.0, 0.0, 0.0, 0.0, 0.0, 0.0, 0.0, 0.0, 0.0, 0.0, 0.0, 0.0, 0.0, 0.0, 0.0, 0.0, 0.0, 0.0, 0.0, 0.0, 0.0, 0.0, 0.0, 0.0, 0.0, 0.0, 0.0, 0.0, 0.0]"
Pure_Vector,network troubleshooting guide,semantic,hard,0.01288914680480957,0.0,0.0,0.03125,0.0,0.0,0.0,0.0,0,0,1.0,"[""TechDocs"", ""TechDocs"", ""TechDocs"", ""TechDocs"", ""TechDocs"", ""TechDocs"", ""TechDocs"", ""TechDocs"", ""Legal"", ""Legal""]","[0.0, 0.0, 0.0, 0.0, 0.0, 0.0, 0.0, 0.0, 0.0, 0.0, 0.0, 0.0, 0.0, 0.0, 0.0, 0.0, 0.0, 0.0, 0.0, 0.0, 0.0, 0.0, 0.0, 0.0, 0.0, 0.0, 0.0, 0.0, 0.0, 0.0, 0.0, 1.0, 0.0, 0.0, 0.0, 0.0, 0.0, 0.0, 0.0, 0.0, 0.0, 0.0, 0.0, 0.0, 0.0, 0.0, 0.0, 0.0, 0.0, 0.0]"
Pure_Vector,recommended paper types,keyword,easy,0.010612964630126953,0.0,0.04877387887820079,0.14285714285714285,0.0,0.3333333333333333,0.0,0.1,0,0.15384615384615383,1.0,"[""TechDocs"", ""TechDocs"", ""TechDocs"", ""TechDocs"", ""TechDocs"", ""TechDocs"", ""TechDocs"", ""TechDocs"", ""TechDocs"", ""TechDocs""]","[0.0, 0.0, 0.0, 0.0, 0.0, 0.0, 1.0, 0.0, 0.0, 0.0, 0.0, 0.0, 0.0, 0.0, 0.0, 0.0, 0.0, 0.0, 0.0, 0.0, 0.0, 0.0, 0.0, 0.0, 0.0, 0.0, 0.0, 0.0, 0.0, 0.0, 0.0, 0.0, 0.0, 0.0, 0.0, 0.0, 0.0, 0.0, 0.0, 0.0, 0.0, 0.0, 0.0, 0.0, 0.0, 0.0, 0.0, 0.0, 0.0, 0.0]"
Pure_Vector,default settings,keyword,easy,0.013508081436157227,0.4525547445255474,0.35279772388565234,0.5,1.0,1.0,0.6,0.3,0.7499999999999999,0.4615384615384615,4.0,"[""TechDocs"", ""TechDocs"", ""TechDocs"", ""TechDocs"", ""TechDocs"", ""TechDocs"", ""TechDocs"", ""TechDocs"", ""Financial"", ""TechDocs""]","[0.0, 1.0, 1.0, 0.0, 1.0, 0.0, 0.0, 0.0, 0.0, 0.0, 0.0, 0.0, 0.0, 0.0, 0.0, 0.0, 0.0, 0.0, 0.0, 0.0, 0.0, 0.0, 0.0, 0.0, 0.0, 1.0, 0.0, 0.0, 0.0, 0.0, 0.0, 0.0, 0.0, 0.0, 0.0, 0.0, 0.0, 0.0, 0.0, 0.0, 0.0, 0.0, 0.0, 0.0, 0.0, 0.0, 0.0, 0.0, 0.0, 0.0]"
Pure_Vector,how to use automatic document feeder,semantic,medium,0.022611379623413086,0.0,0.0,0.0,0.0,0.0,0.0,0.0,0,0,0.0,"[""TechDocs"", ""TechDocs"", ""TechDocs"", ""TechDocs"", ""TechDocs"", ""TechDocs"", ""TechDocs"", ""TechDocs"", ""TechDocs"", ""TechDocs""]","[0.0, 0.0, 0.0, 0.0, 0.0, 0.0, 0.0, 0.0, 0.0, 0.0, 0.0, 0.0, 0.0, 0.0, 0.0, 0.0, 0.0, 0.0, 0.0, 0.0, 0.0, 0.0, 0.0, 0.0, 0.0, 0.0, 0.0, 0.0, 0.0, 0.0, 0.0, 0.0, 0.0, 0.0, 0.0, 0.0, 0.0, 0.0, 0.0, 0.0, 0.0, 0.0, 0.0, 0.0, 0.0, 0.0, 0.0, 0.0, 0.0, 0.0]"
Pure_Vector,adjust print density,semantic,medium,0.018440723419189453,0.0,0.0,0.024390243902439025,0.0,0.0,0.0,0.0,0,0,1.0,"[""TechDocs"", ""TechDocs"", ""TechDocs"", ""TechDocs"", ""TechDocs"", ""TechDocs"", ""TechDocs"", ""TechDocs"", ""TechDocs"", ""TechDocs""]","[0.0, 0.0, 0.0, 0.0, 0.0, 0.0, 0.0, 0.0, 0.0, 0.0, 0.0, 0.0, 0.0, 0.0, 0.0, 0.0, 0.0, 0.0, 0.0, 0.0, 0.0, 0.0, 0.0, 0.0, 0.0, 0.0, 0.0, 0.0, 0.0, 0.0, 0.0, 0.0, 0.0, 0.0, 0.0, 0.0, 0.0, 0.0, 0.0, 0.0, 1.0, 0.0, 0.0, 0.0, 0.0, 0.0, 0.0, 0.0, 0.0, 0.0]"
Pure_Vector,firmware upgrade instructions,semantic,medium,0.01596665382385254,0.0,0.0,0.09090909090909091,0.0,0.0,0.0,0.0,0,0,2.0,"[""TechDocs"", ""TechDocs"", ""TechDocs"", ""TechDocs"", ""TechDocs"", ""Game"", ""TechDocs"", ""Other"", ""TechDocs"", ""Other""]","[0.0, 0.0, 0.0, 0.0, 0.0, 0.0, 0.0, 0.0, 0.0, 0.0, 1.0, 0.0, 0.0, 0.0, 0.0, 0.0, 0.0, 0.0, 0.0, 0.0, 1.0, 0.0, 0.0, 0.0, 0.0, 0.0, 0.0, 0.0, 0.0, 0.0, 0.0, 0.0, 0.0, 0.0, 0.0, 0.0, 0.0, 0.0, 0.0, 0.0, 0.0, 0.0, 0.0, 0.0, 0.0, 0.0, 0.0, 0.0, 0.0, 0.0]"
Pure_Vector,set up scan to network folder,semantic,hard,0.015370368957519531,0.0,0.0,0.038461538461538464,0.0,0.0,0.0,0.0,0,0,2.0,"[""TechDocs"", ""TechDocs"", ""TechDocs"", ""TechDocs"", ""TechDocs"", ""TechDocs"", ""TechDocs"", ""TechDocs"", ""TechDocs"", ""TechDocs""]","[0.0, 0.0, 0.0, 0.0, 0.0, 0.0, 0.0, 0.0, 0.0, 0.0, 0.0, 0.0, 0.0, 0.0, 0.0, 0.0, 0.0, 0.0, 0.0, 0.0, 0.0, 0.0, 0.0, 0.0, 0.0, 1.0, 0.0, 0.0, 0.0, 0.0, 0.0, 0.0, 0.0, 0.0, 0.0, 0.0, 0.0, 0.0, 0.0, 0.0, 0.0, 0.0, 0.0, 0.0, 1.0, 0.0, 0.0, 0.0, 0.0, 0.0]"
Pure_Vector,setup email notification,semantic,hard,0.01796245574951172,0.0,0.0,0.0,0.0,0.0,0.0,0.0,0,0,0.0,"[""Financial"", ""Other"", ""TechDocs"", ""TechDocs"", ""Other"", ""Game"", ""TechDocs"", ""TechDocs"", ""Game"", ""Game""]","[0.0, 0.0, 0.0, 0.0, 0.0, 0.0, 0.0, 0.0, 0.0, 0.0, 0.0, 0.0, 0.0, 0.0, 0.0, 0.0, 0.0, 0.0, 0.0, 0.0, 0.0, 0.0, 0.0, 0.0, 0.0, 0.0, 0.0, 0.0, 0.0, 0.0, 0.0, 0.0, 0.0, 0.0, 0.0, 0.0, 0.0, 0.0, 0.0, 0.0, 0.0, 0.0, 0.0, 0.0, 0.0, 0.0, 0.0, 0.0, 0.0, 0.0]"
Pure_Vector,how to copy documents,semantic,easy,0.01690053939819336,0.0,0.0,0.0,0.0,0.0,0.0,0.0,0,0,0.0,"[""TechDocs"", ""TechDocs"", ""TechDocs"", ""TechDocs"", ""TechDocs"", ""TechDocs"", ""TechDocs"", ""Other"", ""TechDocs"", ""TechDocs""]","[0.0, 0.0, 0.0, 0.0, 0.0, 0.0, 0.0, 0.0, 0.0, 0.0, 0.0, 0.0, 0.0, 0.0, 0.0, 0.0, 0.0, 0.0, 0.0, 0.0, 0.0, 0.0, 0.0, 0.0, 0.0, 0.0, 0.0, 0.0, 0.0, 0.0, 0.0, 0.0, 0.0, 0.0, 0.0, 0.0, 0.0, 0.0, 0.0, 0.0, 0.0, 0.0, 0.0, 0.0, 0.0, 0.0, 0.0, 0.0, 0.0, 0.0]"
Pure_Vector,paper tray adjustment,keyword,easy,0.016140222549438477,0.0,0.12559273811136704,0.14285714285714285,0.0,1.0,0.0,0.3,0,0.4615384615384615,6.0,"[""TechDocs"", ""TechDocs"", ""TechDocs"", ""TechDocs"", ""TechDocs"", ""TechDocs"", ""TechDocs"", ""TechDocs"", ""TechDocs"", ""TechDocs""]","[0.0, 0.0, 0.0, 0.0, 0.0, 0.0, 1.0, 1.0, 0.0, 1.0, 0.0, 0.0, 0.0, 1.0, 0.0, 1.0, 0.0, 0.0, 0.0, 0.0, 0.0, 0.0, 0.0, 0.0, 0.0, 0.0, 0.0, 0.0, 0.0, 0.0, 0.0, 0.0, 0.0, 0.0, 0.0, 0.0, 0.0, 0.0, 0.0, 0.0, 1.0, 0.0, 0.0, 0.0, 0.0, 0.0, 0.0, 0.0, 0.0, 0.0]"
Pure_Vector,print quality improvement,semantic,medium,0.01862955093383789,0.8029197080291971,0.6259314456035767,1.0,1.0,1.0,0.6,0.3,0.7499999999999999,0.4615384615384615,3.0,"[""TechDocs"", ""TechDocs"", ""TechDocs"", ""TechDocs"", ""TechDocs"", ""TechDocs"", ""TechDocs"", ""TechDocs"", ""TechDocs"", ""TechDocs""]","[1.0, 1.0, 1.0, 0.0, 0.0, 0.0, 0.0, 0.0, 0.0, 0.0, 0.0, 0.0, 0.0, 0.0, 0.0, 0.0, 0.0, 0.0, 0.0, 0.0, 0.0, 0.0, 0.0, 0.0, 0.0, 0.0, 0.0, 0.0, 0.0, 0.0, 0.0, 0.0, 0.0, 0.0, 0.0, 0.0, 0.0, 0.0, 0.0, 0.0, 0.0, 0.0, 0.0, 0.0, 0.0, 0.0, 0.0, 0.0, 0.0, 0.0]"
Pure_Vector,network configuration examples,semantic,hard,0.012248992919921875,0.6569343065693432,0.554802872239534,1.0,0.6666666666666666,1.0,0.4,0.3,0.5,0.4615384615384615,4.0,"[""TechDocs"", ""TechDocs"", ""Legal"", ""Legal"", ""TechDocs"", ""TechDocs"", ""TechDocs"", ""TechDocs"", ""TechDocs"", ""TechDocs""]","[1.0, 1.0, 0.0, 0.0, 0.0, 0.0, 0.0, 1.0, 0.0, 0.0, 0.0, 0.0, 0.0, 0.0, 0.0, 0.0, 0.0, 0.0, 0.0, 0.0, 0.0, 0.0, 0.0, 0.0, 0.0, 0.0, 0.0, 0.0, 0.0, 0.0, 0.0, 0.0, 0.0, 0.0, 0.0, 0.0, 0.0, 0.0, 0.0, 0.0, 0.0, 0.0, 1.0, 0.0, 0.0, 0.0, 0.0, 0.0, 0.0, 0.0]"
Pure_Vector,how to replace ink cartridges,keyword,easy,0.012928485870361328,0.0,0.0,0.0,0.0,0.0,0.0,0.0,0,0,0.0,"[""TechDocs"", ""TechDocs"", ""TechDocs"", ""TechDocs"", ""TechDocs"", ""TechDocs"", ""TechDocs"", ""TechDocs"", ""TechDocs"", ""TechDocs""]","[0.0, 0.0, 0.0, 0.0, 0.0, 0.0, 0.0, 0.0, 0.0, 0.0, 0.0, 0.0, 0.0, 0.0, 0.0, 0.0, 0.0, 0.0, 0.0, 0.0, 0.0, 0.0, 0.0, 0.0, 0.0, 0.0, 0.0, 0.0, 0.0, 0.0, 0.0, 0.0, 0.0, 0.0, 0.0, 0.0, 0.0, 0.0, 0.0, 0.0, 0.0, 0.0, 0.0, 0.0, 0.0, 0.0, 0.0, 0.0, 0.0, 0.0]"
Pure_Vector,scan resolution settings,semantic,medium,0.010968208312988281,0.0,0.0,0.047619047619047616,0.0,0.0,0.0,0.0,0,0,1.0,"[""TechDocs"", ""TechDocs"", ""TechDocs"", ""TechDocs"", ""TechDocs"", ""TechDocs"", ""TechDocs"", ""TechDocs"", ""TechDocs"", ""TechDocs""]","[0.0, 0.0, 0.0, 0.0, 0.0, 0.0, 0.0, 0.0, 0.0, 0.0, 0.0, 0.0, 0.0, 0.0, 0.0, 0.0, 0.0, 0.0, 0.0, 0.0, 1.0, 0.0, 0.0, 0.0, 0.0, 0.0, 0.0, 0.0, 0.0, 0.0, 0.0, 0.0, 0.0, 0.0, 0.0, 0.0, 0.0, 0.0, 0.0, 0.0, 0.0, 0.0, 0.0, 0.0, 0.0, 0.0, 0.0, 0.0, 0.0, 0.0]"
Pure_Vector,printer security settings,semantic,hard,0.010685920715332031,0.0,0.0,0.0,0.0,0.0,0.0,0.0,0,0,0.0,"[""TechDocs"", ""TechDocs"", ""TechDocs"", ""TechDocs"", ""TechDocs"", ""TechDocs"", ""TechDocs"", ""TechDocs"", ""TechDocs"", ""TechDocs""]","[0.0, 0.0, 0.0, 0.0, 0.0, 0.0, 0.0, 0.0, 0.0, 0.0, 0.0, 0.0, 0.0, 0.0, 0.0, 0.0, 0.0, 0.0, 0.0, 0.0, 0.0, 0.0, 0.0, 0.0, 0.0, 0.0, 0.0, 0.0, 0.0, 0.0, 0.0, 0.0, 0.0, 0.0, 0.0, 0.0, 0.0, 0.0, 0.0, 0.0, 0.0, 0.0, 0.0, 0.0, 0.0, 0.0, 0.0, 0.0, 0.0, 0.0]"
Pure_Vector,how to share printer on network,semantic,medium,0.015015363693237305,0.43795620437956206,0.34141715214740553,1.0,0.3333333333333333,0.3333333333333333,0.2,0.1,0.25,0.15384615384615383,1.0,"[""TechDocs"", ""TechDocs"", ""TechDocs"", ""TechDocs"", ""TechDocs"", ""TechDocs"", ""TechDocs"", ""TechDocs"", ""TechDocs"", ""TechDocs""]","[1.0, 0.0, 0.0, 0.0, 0.0, 0.0, 0.0, 0.0, 0.0, 0.0, 0.0, 0.0, 0.0, 0.0, 0.0, 0.0, 0.0, 0.0, 0.0, 0.0, 0.0, 0.0, 0.0, 0.0, 0.0, 0.0, 0.0, 0.0, 0.0, 0.0, 0.0, 0.0, 0.0, 0.0, 0.0, 0.0, 0.0, 0.0, 0.0, 0.0, 0.0, 0.0, 0.0, 0.0, 0.0, 0.0, 0.0, 0.0, 0.0, 0.0]"
Pure_Vector,paper handling tips,keyword,easy,0.0166473388671875,0.5474452554744526,0.4267714401842569,1.0,0.6666666666666666,0.6666666666666666,0.4,0.2,0.5,0.30769230769230765,2.0,"[""TechDocs"", ""TechDocs"", ""TechDocs"", ""TechDocs"", ""TechDocs"", ""TechDocs"", ""TechDocs"", ""TechDocs"", ""TechDocs"", ""TechDocs""]","[1.0, 0.0, 0.0, 1.0, 0.0, 0.0, 0.0, 0.0, 0.0, 0.0, 0.0, 0.0, 0.0, 0.0, 0.0, 0.0, 0.0, 0.0, 0.0, 0.0, 0.0, 0.0, 0.0, 0.0, 0.0, 0.0, 0.0, 0.0, 0.0, 0.0, 0.0, 0.0, 0.0, 0.0, 0.0, 0.0, 0.0, 0.0, 0.0, 0.0, 0.0, 0.0, 0.0, 0.0, 0.0, 0.0, 0.0, 0.0, 0.0, 0.0]"
Pure_Vector,troubleshoot connection issues,semantic,hard,0.016118526458740234,0.21897810218978103,0.17070857607370277,0.5,0.3333333333333333,0.3333333333333333,0.2,0.1,0.25,0.15384615384615383,2.0,"[""TechDocs"", ""TechDocs"", ""TechDocs"", ""TechDocs"", ""Other"", ""TechDocs"", ""TechDocs"", ""TechDocs"", ""TechDocs"", ""TechDocs""]","[0.0, 1.0, 0.0, 0.0, 0.0, 0.0, 0.0, 0.0, 0.0, 0.0, 0.0, 0.0, 0.0, 0.0, 0.0, 0.0, 0.0, 0.0, 0.0, 0.0, 0.0, 0.0, 0.0, 0.0, 0.0, 0.0, 0.0, 0.0, 0.0, 0.0, 0.0, 0.0, 0.0, 0.0, 0.0, 0.0, 0.0, 0.0, 0.0, 0.0, 1.0, 0.0, 0.0, 0.0, 0.0, 0.0, 0.0, 0.0, 0.0, 0.0]"
Pure_Vector,how to save scan to computer,semantic,medium,0.015531063079833984,0.0,0.0,0.0,0.0,0.0,0.0,0.0,0,0,0.0,"[""TechDocs"", ""TechDocs"", ""TechDocs"", ""TechDocs"", ""TechDocs"", ""TechDocs"", ""TechDocs"", ""TechDocs"", ""TechDocs"", ""TechDocs""]","[0.0, 0.0, 0.0, 0.0, 0.0, 0.0, 0.0, 0.0, 0.0, 0.0, 0.0, 0.0, 0.0, 0.0, 0.0, 0.0, 0.0, 0.0, 0.0, 0.0, 0.0, 0.0, 0.0, 0.0, 0.0, 0.0, 0.0, 0.0, 0.0, 0.0, 0.0, 0.0, 0.0, 0.0, 0.0, 0.0, 0.0, 0.0, 0.0, 0.0, 0.0, 0.0, 0.0, 0.0, 0.0, 0.0, 0.0, 0.0, 0.0, 0.0]"
Pure_Vector,printing preferences,keyword,easy,0.01578211784362793,0.0,0.0,0.0,0.0,0.0,0.0,0.0,0,0,0.0,"[""TechDocs"", ""TechDocs"", ""TechDocs"", ""TechDocs"", ""TechDocs"", ""TechDocs"", ""TechDocs"", ""TechDocs"", ""TechDocs"", ""TechDocs""]","[0.0, 0.0, 0.0, 0.0, 0.0, 0.0, 0.0, 0.0, 0.0, 0.0, 0.0, 0.0, 0.0, 0.0, 0.0, 0.0, 0.0, 0.0, 0.0, 0.0, 0.0, 0.0, 0.0, 0.0, 0.0, 0.0, 0.0, 0.0, 0.0, 0.0, 0.0, 0.0, 0.0, 0.0, 0.0, 0.0, 0.0, 0.0, 0.0, 0.0, 0.0, 0.0, 0.0, 0.0, 0.0, 0.0, 0.0, 0.0, 0.0, 0.0]"
Pure_Vector,scan to cloud storage,semantic,hard,0.014909982681274414,0.0,0.0,0.02127659574468085,0.0,0.0,0.0,0.0,0,0,2.0,"[""TechDocs"", ""TechDocs"", ""Other"", ""TechDocs"", ""TechDocs"", ""TechDocs"", ""Other"", ""TechDocs"", ""TechDocs"", ""TechDocs""]","[0.0, 0.0, 0.0, 0.0, 0.0, 0.0, 0.0, 0.0, 0.0, 0.0, 0.0, 0.0, 0.0, 0.0, 0.0, 0.0, 0.0, 0.0, 0.0, 0.0, 0.0, 0.0, 0.0, 0.0, 0.0, 0.0, 0.0, 0.0, 0.0, 0.0, 0.0, 0.0, 0.0, 0.0, 0.0, 0.0, 0.0, 0.0, 0.0, 0.0, 0.0, 0.0, 0.0, 0.0, 0.0, 0.0, 1.0, 1.0, 0.0, 0.0]"
Pure_Vector,how to check printer status,keyword,easy,0.016284704208374023,0.5255474452554745,0.40970058257688663,1.0,0.6666666666666666,0.6666666666666666,0.4,0.2,0.5,0.30769230769230765,2.0,"[""TechDocs"", ""TechDocs"", ""TechDocs"", ""TechDocs"", ""TechDocs"", ""TechDocs"", ""TechDocs"", ""TechDocs"", ""TechDocs"", ""TechDocs""]","[1.0, 0.0, 0.0, 0.0, 1.0, 0.0, 0.0, 0.0, 0.0, 0.0, 0.0, 0.0, 0.0, 0.0, 0.0, 0.0, 0.0, 0.0, 0.0, 0.0, 0.0, 0.0, 0.0, 0.0, 0.0, 0.0, 0.0, 0.0, 0.0, 0.0, 0.0, 0.0, 0.0, 0.0, 0.0, 0.0, 0.0, 0.0, 0.0, 0.0, 0.0, 0.0, 0.0, 0.0, 0.0, 0.0, 0.0, 0.0, 0.0, 0.0]"
Pure_Vector,network printer setup,semantic,medium,0.015555858612060547,0.0,0.0,0.0,0.0,0.0,0.0,0.0,0,0,0.0,"[""TechDocs"", ""TechDocs"", ""TechDocs"", ""TechDocs"", ""TechDocs"", ""TechDocs"", ""TechDocs"", ""TechDocs"", ""TechDocs"", ""TechDocs""]","[0.0, 0.0, 0.0, 0.0, 0.0, 0.0, 0.0, 0.0, 0.0, 0.0, 0.0, 0.0, 0.0, 0.0, 0.0, 0.0, 0.0, 0.0, 0.0, 0.0, 0.0, 0.0, 0.0, 0.0, 0.0, 0.0, 0.0, 0.0, 0.0, 0.0, 0.0, 0.0, 0.0, 0.0, 0.0, 0.0, 0.0, 0.0, 0.0, 0.0, 0.0, 0.0, 0.0, 0.0, 0.0, 0.0, 0.0, 0.0, 0.0, 0.0]"
Pure_Vector,color calibration,semantic,hard,0.013874530792236328,0.0,0.0,0.09090909090909091,0.0,0.0,0.0,0.0,0,0,1.0,"[""TechDocs"", ""Other"", ""Academic"", ""Academic"", ""Academic"", ""Academic"", ""Other"", ""Academic"", ""Academic"", ""Other""]","[0.0, 0.0, 0.0, 0.0, 0.0, 0.0, 0.0, 0.0, 0.0, 0.0, 1.0, 0.0, 0.0, 0.0, 0.0, 0.0, 0.0, 0.0, 0.0, 0.0, 0.0, 0.0, 0.0, 0.0, 0.0, 0.0, 0.0, 0.0, 0.0, 0.0, 0.0, 0.0, 0.0, 0.0, 0.0, 0.0, 0.0, 0.0, 0.0, 0.0, 0.0, 0.0, 0.0, 0.0, 0.0, 0.0, 0.0, 0.0, 0.0, 0.0]"
Pure_Vector,how to load paper,keyword,easy,0.013533353805541992,0.8905109489051095,0.6942148760330579,1.0,1.3333333333333333,1.3333333333333333,0.8,0.4,1.0,0.6153846153846153,6.0,"[""TechDocs"", ""TechDocs"", ""TechDocs"", ""TechDocs"", ""TechDocs"", ""TechDocs"", ""TechDocs"", ""TechDocs"", ""TechDocs"", ""TechDocs""]","[1.0, 1.0, 1.0, 0.0, 1.0, 0.0, 0.0, 0.0, 0.0, 0.0, 0.0, 1.0, 0.0, 0.0, 0.0, 0.0, 0.0, 0.0, 0.0, 0.0, 0.0, 0.0, 0.0, 0.0, 0.0, 0.0, 0.0, 0.0, 0.0, 0.0, 0.0, 0.0, 0.0, 0.0, 0.0, 0.0, 0.0, 1.0, 0.0, 0.0, 0.0, 0.0, 0.0, 0.0, 0.0, 0.0, 0.0, 0.0, 0.0, 0.0]"
Pure_Vector,print job queue management,semantic,medium,0.0160825252532959,0.0,0.0,0.0,0.0,0.0,0.0,0.0,0,0,0.0,"[""TechDocs"", ""Financial"", ""TechDocs"", ""TechDocs"", ""TechDocs"", ""TechDocs"", ""TechDocs"", ""TechDocs"", ""TechDocs"", ""Game""]","[0.0, 0.0, 0.0, 0.0, 0.0, 0.0, 0.0, 0.0, 0.0, 0.0, 0.0, 0.0, 0.0, 0.0, 0.0, 0.0, 0.0, 0.0, 0.0, 0.0, 0.0, 0.0, 0.0, 0.0, 0.0, 0.0, 0.0, 0.0, 0.0, 0.0, 0.0, 0.0, 0.0, 0.0, 0.0, 0.0, 0.0, 0.0, 0.0, 0.0, 0.0, 0.0, 0.0, 0.0, 0.0, 0.0, 0.0, 0.0, 0.0, 0.0]"
Pure_Vector,advanced network settings,semantic,hard,0.017394542694091797,0.0,0.0,0.07692307692307693,0.0,0.0,0.0,0.0,0,0,2.0,"[""TechDocs"", ""TechDocs"", ""TechDocs"", ""TechDocs"", ""TechDocs"", ""TechDocs"", ""TechDocs"", ""TechDocs"", ""TechDocs"", ""TechDocs""]","[0.0, 0.0, 0.0, 0.0, 0.0, 0.0, 0.0, 0.0, 0.0, 0.0, 0.0, 0.0, 1.0, 0.0, 0.0, 0.0, 0.0, 0.0, 0.0, 0.0, 0.0, 0.0, 1.0, 0.0, 0.0, 0.0, 0.0, 0.0, 0.0, 0.0, 0.0, 0.0, 0.0, 0.0, 0.0, 0.0, 0.0, 0.0, 0.0, 0.0, 0.0, 0.0, 0.0, 0.0, 0.0, 0.0, 0.0, 0.0, 0.0, 0.0]"
Pure_Vector,how to clean scanner glass,keyword,easy,0.015794038772583008,0.21897810218978103,0.17070857607370277,0.5,0.3333333333333333,0.3333333333333333,0.2,0.1,0.25,0.15384615384615383,1.0,"[""TechDocs"", ""TechDocs"", ""TechDocs"", ""TechDocs"", ""TechDocs"", ""TechDocs"", ""TechDocs"", ""TechDocs"", ""TechDocs"", ""TechDocs""]","[0.0, 1.0, 0.0, 0.0, 0.0, 0.0, 0.0, 0.0, 0.0, 0.0, 0.0, 0.0, 0.0, 0.0, 0.0, 0.0, 0.0, 0.0, 0.0, 0.0, 0.0, 0.0, 0.0, 0.0, 0.0, 0.0, 0.0, 0.0, 0.0, 0.0, 0.0, 0.0, 0.0, 0.0, 0.0, 0.0, 0.0, 0.0, 0.0, 0.0, 0.0, 0.0, 0.0, 0.0, 0.0, 0.0, 0.0, 0.0, 0.0, 0.0]"
Pure_BM25,paper jam solution,keyword,easy,0.04925203323364258,0.34306569343065696,0.4878742717788918,0.3333333333333333,0.75,2.0,0.6,0.8,0.6666666666666665,1.142857142857143,12.0,"[""TechDocs"", ""TechDocs"", ""TechDocs"", ""TechDocs"", ""TechDocs"", ""TechDocs"", ""TechDocs"", ""TechDocs"", ""TechDocs"", ""TechDocs""]","[0.0, 0.0, 1.0, 1.0, 1.0, 1.0, 1.0, 1.0, 1.0, 1.0, 0.0, 0.0, 1.0, 1.0, 0.0, 0.0, 0.0, 0.0, 0.0, 0.0, 0.0, 0.0, 0.0, 0.0, 0.0, 0.0, 0.0, 0.0, 0.0, 0.0, 0.0, 0.0, 0.0, 0.0, 0.0, 0.0, 0.0, 0.0, 0.0, 0.0, 0.0, 0.0, 0.0, 0.0, 0.0, 1.0, 0.0, 1.0, 0.0, 0.0]"
Pure_BM25,how to reset the device,semantic,easy,0.007098674774169922,0.08759124087591241,0.12518628912071536,0.2,0.3333333333333333,0.6666666666666666,0.2,0.2,0.25,0.30769230769230765,2.0,"[""TechDocs"", ""TechDocs"", ""TechDocs"", ""TechDocs"", ""TechDocs"", ""TechDocs"", ""TechDocs"", ""TechDocs"", ""TechDocs"", ""TechDocs""]","[0.0, 0.0, 0.0, 0.0, 1.0, 1.0, 0.0, 0.0, 0.0, 0.0, 0.0, 0.0, 0.0, 0.0, 0.0, 0.0, 0.0, 0.0, 0.0, 0.0, 0.0, 0.0, 0.0, 0.0, 0.0, 0.0, 0.0, 0.0, 0.0, 0.0, 0.0, 0.0, 0.0, 0.0, 0.0, 0.0, 0.0, 0.0, 0.0, 0.0, 0.0, 0.0, 0.0, 0.0, 0.0, 0.0, 0.0, 0.0, 0.0, 0.0]"
Pure_BM25,scan to email,keyword,easy,0.006845951080322266,0.0,0.0,0.0,0.0,0.0,0.0,0.0,0,0,0.0,"[""TechDocs"", ""TechDocs"", ""TechDocs"", ""TechDocs"", ""TechDocs"", ""TechDocs"", ""TechDocs"", ""TechDocs"", ""TechDocs"", ""TechDocs""]","[0.0, 0.0, 0.0, 0.0, 0.0, 0.0, 0.0, 0.0, 0.0, 0.0, 0.0, 0.0, 0.0, 0.0, 0.0, 0.0, 0.0, 0.0, 0.0, 0.0, 0.0, 0.0, 0.0, 0.0, 0.0, 0.0, 0.0, 0.0, 0.0, 0.0, 0.0, 0.0, 0.0, 0.0, 0.0, 0.0, 0.0, 0.0, 0.0, 0.0, 0.0, 0.0, 0.0, 0.0, 0.0, 0.0, 0.0, 0.0, 0.0, 0.0]"
Pure_BM25,replace toner cartridge,keyword,easy,0.009267330169677734,0.0,0.0,0.03225806451612903,0.0,0.0,0.0,0.0,0,0,2.0,"[""TechDocs"", ""TechDocs"", ""TechDocs"", ""TechDocs"", ""TechDocs"", ""TechDocs"", ""TechDocs"", ""TechDocs"", ""TechDocs"", ""TechDocs""]","[0.0, 0.0, 0.0, 0.0, 0.0, 0.0, 0.0, 0.0, 0.0, 0.0, 0.0, 0.0, 0.0, 0.0, 0.0, 0.0, 0.0, 0.0, 0.0, 0.0, 0.0, 0.0, 0.0, 0.0, 0.0, 0.0, 0.0, 0.0, 0.0, 0.0, 1.0, 1.0, 0.0, 0.0, 0.0, 0.0, 0.0, 0.0, 0.0, 0.0, 0.0, 0.0, 0.0, 0.0, 0.0, 0.0, 0.0, 0.0, 0.0, 0.0]"
Pure_BM25,connect printer to wifi network,semantic,medium,0.011763334274291992,0.2554744525547445,0.3626879826581764,0.3333333333333333,0.6666666666666666,2.0,0.4,0.6,0.5,0.923076923076923,6.0,"[""TechDocs"", ""TechDocs"", ""TechDocs"", ""TechDocs"", ""TechDocs"", ""TechDocs"", ""TechDocs"", ""TechDocs"", ""TechDocs"", ""TechDocs""]","[0.0, 0.0, 1.0, 1.0, 0.0, 0.0, 1.0, 1.0, 1.0, 1.0, 0.0, 0.0, 0.0, 0.0, 0.0, 0.0, 0.0, 0.0, 0.0, 0.0, 0.0, 0.0, 0.0, 0.0, 0.0, 0.0, 0.0, 0.0, 0.0, 0.0, 0.0, 0.0, 0.0, 0.0, 0.0, 0.0, 0.0, 0.0, 0.0, 0.0, 0.0, 0.0, 0.0, 0.0, 0.0, 0.0, 0.0, 0.0, 0.0, 0.0]"
Pure_BM25,software update for printer,semantic,medium,0.00986337661743164,0.0,0.0,0.0,0.0,0.0,0.0,0.0,0,0,0.0,"[""TechDocs"", ""TechDocs"", ""TechDocs"", ""TechDocs"", ""TechDocs"", ""TechDocs"", ""TechDocs"", ""TechDocs"", ""TechDocs"", ""TechDocs""]","[0.0, 0.0, 0.0, 0.0, 0.0, 0.0, 0.0, 0.0, 0.0, 0.0, 0.0, 0.0, 0.0, 0.0, 0.0, 0.0, 0.0, 0.0, 0.0, 0.0, 0.0, 0.0, 0.0, 0.0, 0.0, 0.0, 0.0, 0.0, 0.0, 0.0, 0.0, 0.0, 0.0, 0.0, 0.0, 0.0, 0.0, 0.0, 0.0, 0.0, 0.0, 0.0, 0.0, 0.0, 0.0, 0.0, 0.0, 0.0, 0.0, 0.0]"
Pure_BM25,print from mobile phone,semantic,medium,0.009268999099731445,0.0,0.0,0.0,0.0,0.0,0.0,0.0,0,0,0.0,"[""TechDocs"", ""TechDocs"", ""TechDocs"", ""TechDocs"", ""TechDocs"", ""TechDocs"", ""TechDocs"", ""TechDocs"", ""TechDocs"", ""TechDocs""]","[0.0, 0.0, 0.0, 0.0, 0.0, 0.0, 0.0, 0.0, 0.0, 0.0, 0.0, 0.0, 0.0, 0.0, 0.0, 0.0, 0.0, 0.0, 0.0, 0.0, 0.0, 0.0, 0.0, 0.0, 0.0, 0.0, 0.0, 0.0, 0.0, 0.0, 0.0, 0.0, 0.0, 0.0, 0.0, 0.0, 0.0, 0.0, 0.0, 0.0, 0.0, 0.0, 0.0, 0.0, 0.0, 0.0, 0.0, 0.0, 0.0, 0.0]"
Pure_BM25,troubleshoot print quality,semantic,hard,0.009482622146606445,0.6569343065693432,0.5842026825633383,1.0,0.6666666666666666,1.3333333333333333,0.4,0.4,0.5,0.6153846153846153,4.0,"[""TechDocs"", ""TechDocs"", ""TechDocs"", ""TechDocs"", ""TechDocs"", ""TechDocs"", ""TechDocs"", ""TechDocs"", ""TechDocs"", ""TechDocs""]","[1.0, 1.0, 0.0, 0.0, 0.0, 0.0, 0.0, 0.0, 1.0, 1.0, 0.0, 0.0, 0.0, 0.0, 0.0, 0.0, 0.0, 0.0, 0.0, 0.0, 0.0, 0.0, 0.0, 0.0, 0.0, 0.0, 0.0, 0.0, 0.0, 0.0, 0.0, 0.0, 0.0, 0.0, 0.0, 0.0, 0.0, 0.0, 0.0, 0.0, 0.0, 0.0, 0.0, 0.0, 0.0, 0.0, 0.0, 0.0, 0.0, 0.0]"
Pure_BM25,configure network settings,semantic,hard,0.008868932723999023,0.0,0.0,0.09090909090909091,0.0,0.0,0.0,0.0,0,0,4.0,"[""TechDocs"", ""TechDocs"", ""TechDocs"", ""TechDocs"", ""TechDocs"", ""TechDocs"", ""TechDocs"", ""TechDocs"", ""TechDocs"", ""TechDocs""]","[0.0, 0.0, 0.0, 0.0, 0.0, 0.0, 0.0, 0.0, 0.0, 0.0, 1.0, 1.0, 0.0, 0.0, 0.0, 0.0, 0.0, 0.0, 1.0, 1.0, 0.0, 0.0, 0.0, 0.0, 0.0, 0.0, 0.0, 0.0, 0.0, 0.0, 0.0, 0.0, 0.0, 0.0, 0.0, 0.0, 0.0, 0.0, 0.0, 0.0, 0.0, 0.0, 0.0, 0.0, 0.0, 0.0, 0.0, 0.0, 0.0, 0.0]"
Pure_BM25,send fax to multiple recipients,semantic,hard,0.010720252990722656,0.9124087591240877,0.7112857336404282,1.0,1.3333333333333333,1.3333333333333333,0.8,0.4,1.0,0.6153846153846153,16.0,"[""TechDocs"", ""TechDocs"", ""TechDocs"", ""TechDocs"", ""TechDocs"", ""TechDocs"", ""TechDocs"", ""TechDocs"", ""TechDocs"", ""TechDocs""]","[1.0, 1.0, 1.0, 1.0, 0.0, 0.0, 0.0, 0.0, 0.0, 0.0, 0.0, 0.0, 1.0, 1.0, 0.0, 0.0, 1.0, 1.0, 0.0, 0.0, 1.0, 1.0, 0.0, 0.0, 1.0, 1.0, 1.0, 1.0, 0.0, 0.0, 0.0, 0.0, 0.0, 0.0, 1.0, 1.0, 0.0, 0.0, 0.0, 0.0, 0.0, 0.0, 0.0, 0.0, 0.0, 0.0, 0.0, 0.0, 0.0, 0.0]"
Pure_BM25,clean the printhead,semantic,medium,0.006988048553466797,0.0,0.0,0.0,0.0,0.0,0.0,0.0,0,0,0.0,"[""TechDocs"", ""TechDocs"", ""TechDocs"", ""TechDocs"", ""TechDocs"", ""TechDocs"", ""TechDocs"", ""TechDocs"", ""TechDocs"", ""TechDocs""]","[0.0, 0.0, 0.0, 0.0, 0.0, 0.0, 0.0, 0.0, 0.0, 0.0, 0.0, 0.0, 0.0, 0.0, 0.0, 0.0, 0.0, 0.0, 0.0, 0.0, 0.0, 0.0, 0.0, 0.0, 0.0, 0.0, 0.0, 0.0, 0.0, 0.0, 0.0, 0.0, 0.0, 0.0, 0.0, 0.0, 0.0, 0.0, 0.0, 0.0, 0.0, 0.0, 0.0, 0.0, 0.0, 0.0, 0.0, 0.0, 0.0, 0.0]"
Pure_BM25,factory reset printer,semantic,medium,0.0069026947021484375,0.0,0.0,0.0,0.0,0.0,0.0,0.0,0,0,0.0,"[""TechDocs"", ""TechDocs"", ""TechDocs"", ""TechDocs"", ""TechDocs"", ""TechDocs"", ""TechDocs"", ""TechDocs"", ""TechDocs"", ""TechDocs""]","[0.0, 0.0, 0.0, 0.0, 0.0, 0.0, 0.0, 0.0, 0.0, 0.0, 0.0, 0.0, 0.0, 0.0, 0.0, 0.0, 0.0, 0.0, 0.0, 0.0, 0.0, 0.0, 0.0, 0.0, 0.0, 0.0, 0.0, 0.0, 0.0, 0.0, 0.0, 0.0, 0.0, 0.0, 0.0, 0.0, 0.0, 0.0, 0.0, 0.0, 0.0, 0.0, 0.0, 0.0, 0.0, 0.0, 0.0, 0.0, 0.0, 0.0]"
Pure_BM25,check ink level,keyword,easy,0.009368658065795898,0.6569343065693432,0.5121257282211082,1.0,0.6666666666666666,0.6666666666666666,0.4,0.2,0.5,0.30769230769230765,2.0,"[""TechDocs"", ""TechDocs"", ""TechDocs"", ""TechDocs"", ""TechDocs"", ""TechDocs"", ""TechDocs"", ""TechDocs"", ""TechDocs"", ""TechDocs""]","[1.0, 1.0, 0.0, 0.0, 0.0, 0.0, 0.0, 0.0, 0.0, 0.0, 0.0, 0.0, 0.0, 0.0, 0.0, 0.0, 0.0, 0.0, 0.0, 0.0, 0.0, 0.0, 0.0, 0.0, 0.0, 0.0, 0.0, 0.0, 0.0, 0.0, 0.0, 0.0, 0.0, 0.0, 0.0, 0.0, 0.0, 0.0, 0.0, 0.0, 0.0, 0.0, 0.0, 0.0, 0.0, 0.0, 0.0, 0.0, 0.0, 0.0]"
Pure_BM25,duplex printing setup,semantic,medium,0.007711887359619141,0.0,0.0,0.0,0.0,0.0,0.0,0.0,0,0,0.0,"[""TechDocs"", ""TechDocs"", ""Academic"", ""Academic"", ""TechDocs"", ""TechDocs"", ""TechDocs"", ""TechDocs"", ""TechDocs"", ""TechDocs""]","[0.0, 0.0, 0.0, 0.0, 0.0, 0.0, 0.0, 0.0, 0.0, 0.0, 0.0, 0.0, 0.0, 0.0, 0.0, 0.0, 0.0, 0.0, 0.0, 0.0, 0.0, 0.0, 0.0, 0.0, 0.0, 0.0, 0.0, 0.0, 0.0, 0.0, 0.0, 0.0, 0.0, 0.0, 0.0, 0.0, 0.0, 0.0, 0.0, 0.0, 0.0, 0.0, 0.0, 0.0, 0.0, 0.0, 0.0, 0.0, 0.0, 0.0]"
Pure_BM25,scan document to USB drive,semantic,medium,0.013605117797851562,0.6569343065693432,0.5121257282211082,1.0,0.6666666666666666,0.6666666666666666,0.4,0.2,0.5,0.30769230769230765,2.0,"[""TechDocs"", ""TechDocs"", ""TechDocs"", ""TechDocs"", ""TechDocs"", ""TechDocs"", ""TechDocs"", ""TechDocs"", ""TechDocs"", ""TechDocs""]","[1.0, 1.0, 0.0, 0.0, 0.0, 0.0, 0.0, 0.0, 0.0, 0.0, 0.0, 0.0, 0.0, 0.0, 0.0, 0.0, 0.0, 0.0, 0.0, 0.0, 0.0, 0.0, 0.0, 0.0, 0.0, 0.0, 0.0, 0.0, 0.0, 0.0, 0.0, 0.0, 0.0, 0.0, 0.0, 0.0, 0.0, 0.0, 0.0, 0.0, 0.0, 0.0, 0.0, 0.0, 0.0, 0.0, 0.0, 0.0, 0.0, 0.0]"
Pure_BM25,maintenance schedule,keyword,medium,0.009837150573730469,0.6569343065693432,0.5121257282211082,1.0,0.6666666666666666,0.6666666666666666,0.4,0.2,0.5,0.30769230769230765,2.0,"[""TechDocs"", ""TechDocs"", ""Other"", ""Other"", ""Other"", ""Other"", ""TechDocs"", ""TechDocs"", ""TechDocs"", ""TechDocs""]","[1.0, 1.0, 0.0, 0.0, 0.0, 0.0, 0.0, 0.0, 0.0, 0.0, 0.0, 0.0, 0.0, 0.0, 0.0, 0.0, 0.0, 0.0, 0.0, 0.0, 0.0, 0.0, 0.0, 0.0, 0.0, 0.0, 0.0, 0.0, 0.0, 0.0, 0.0, 0.0, 0.0, 0.0, 0.0, 0.0, 0.0, 0.0, 0.0, 0.0, 0.0, 0.0, 0.0, 0.0, 0.0, 0.0, 0.0, 0.0, 0.0, 0.0]"
Pure_BM25,energy saving mode,keyword,easy,0.006379842758178711,0.2554744525547445,0.19916000541931986,0.3333333333333333,0.6666666666666666,0.6666666666666666,0.4,0.2,0.5,0.30769230769230765,4.0,"[""TechDocs"", ""TechDocs"", ""TechDocs"", ""TechDocs"", ""TechDocs"", ""TechDocs"", ""TechDocs"", ""TechDocs"", ""TechDocs"", ""TechDocs""]","[0.0, 0.0, 1.0, 1.0, 0.0, 0.0, 0.0, 0.0, 0.0, 0.0, 0.0, 0.0, 0.0, 0.0, 0.0, 0.0, 0.0, 0.0, 0.0, 0.0, 0.0, 0.0, 0.0, 0.0, 0.0, 0.0, 0.0, 0.0, 0.0, 0.0, 0.0, 0.0, 0.0, 0.0, 0.0, 0.0, 0.0, 0.0, 0.0, 0.0, 1.0, 1.0, 0.0, 0.0, 0.0, 0.0, 0.0, 0.0, 0.0, 0.0]"
Pure_BM25,change paper size,keyword,easy,0.007246971130371094,0.6569343065693432,0.5121257282211082,1.0,0.6666666666666666,0.6666666666666666,0.4,0.2,0.5,0.30769230769230765,4.0,"[""TechDocs"", ""TechDocs"", ""TechDocs"", ""TechDocs"", ""TechDocs"", ""TechDocs"", ""TechDocs"", ""TechDocs"", ""TechDocs"", ""TechDocs""]","[1.0, 1.0, 0.0, 0.0, 0.0, 0.0, 0.0, 0.0, 0.0, 0.0, 0.0, 0.0, 0.0, 0.0, 0.0, 0.0, 0.0, 0.0, 1.0, 1.0, 0.0, 0.0, 0.0, 0.0, 0.0, 0.0, 0.0, 0.0, 0.0, 0.0, 0.0, 0.0, 0.0, 0.0, 0.0, 0.0, 0.0, 0.0, 0.0, 0.0, 0.0, 0.0, 0.0, 0.0, 0.0, 0.0, 0.0, 0.0, 0.0, 0.0]"
Pure_BM25,how to install printer driver,semantic,medium,0.0061495304107666016,0.0,0.0,0.0,0.0,0.0,0.0,0.0,0,0,0.0,"[""TechDocs"", ""TechDocs"", ""TechDocs"", ""TechDocs"", ""TechDocs"", ""TechDocs"", ""TechDocs"", ""TechDocs"", ""TechDocs"", ""TechDocs""]","[0.0, 0.0, 0.0, 0.0, 0.0, 0.0, 0.0, 0.0, 0.0, 0.0, 0.0, 0.0, 0.0, 0.0, 0.0, 0.0, 0.0, 0.0, 0.0, 0.0, 0.0, 0.0, 0.0, 0.0, 0.0, 0.0, 0.0, 0.0, 0.0, 0.0, 0.0, 0.0, 0.0, 0.0, 0.0, 0.0, 0.0, 0.0, 0.0, 0.0, 0.0, 0.0, 0.0, 0.0, 0.0, 0.0, 0.0, 0.0, 0.0, 0.0]"
Pure_BM25,wireless connection setup,semantic,medium,0.006535768508911133,0.0,0.0,0.037037037037037035,0.0,0.0,0.0,0.0,0,0,2.0,"[""TechDocs"", ""TechDocs"", ""TechDocs"", ""TechDocs"", ""TechDocs"", ""TechDocs"", ""TechDocs"", ""TechDocs"", ""TechDocs"", ""TechDocs""]","[0.0, 0.0, 0.0, 0.0, 0.0, 0.0, 0.0, 0.0, 0.0, 0.0, 0.0, 0.0, 0.0, 0.0, 0.0, 0.0, 0.0, 0.0, 0.0, 0.0, 0.0, 0.0, 0.0, 0.0, 0.0, 0.0, 1.0, 1.0, 0.0, 0.0, 0.0, 0.0, 0.0, 0.0, 0.0, 0.0, 0.0, 0.0, 0.0, 0.0, 0.0, 0.0, 0.0, 0.0, 0.0, 0.0, 0.0, 0.0, 0.0, 0.0]"
Pure_BM25,how to scan multiple pages,semantic,medium,0.0060613155364990234,0.0,0.0,0.0,0.0,0.0,0.0,0.0,0,0,0.0,"[""TechDocs"", ""TechDocs"", ""TechDocs"", ""TechDocs"", ""TechDocs"", ""TechDocs"", ""TechDocs"", ""TechDocs"", ""TechDocs"", ""TechDocs""]","[0.0, 0.0, 0.0, 0.0, 0.0, 0.0, 0.0, 0.0, 0.0, 0.0, 0.0, 0.0, 0.0, 0.0, 0.0, 0.0, 0.0, 0.0, 0.0, 0.0, 0.0, 0.0, 0.0, 0.0, 0.0, 0.0, 0.0, 0.0, 0.0, 0.0, 0.0, 0.0, 0.0, 0.0, 0.0, 0.0, 0.0, 0.0, 0.0, 0.0, 0.0, 0.0, 0.0, 0.0, 0.0, 0.0, 0.0, 0.0, 0.0, 0.0]"
Pure_BM25,cancel print job,keyword,easy,0.00585484504699707,0.0,0.0,0.0,0.0,0.0,0.0,0.0,0,0,0.0,"[""TechDocs"", ""TechDocs"", ""TechDocs"", ""TechDocs"", ""TechDocs"", ""TechDocs"", ""Game"", ""Game"", ""TechDocs"", ""TechDocs""]","[0.0, 0.0, 0.0, 0.0, 0.0, 0.0, 0.0, 0.0, 0.0, 0.0, 0.0, 0.0, 0.0, 0.0, 0.0, 0.0, 0.0, 0.0, 0.0, 0.0, 0.0, 0.0, 0.0, 0.0, 0.0, 0.0, 0.0, 0.0, 0.0, 0.0, 0.0, 0.0, 0.0, 0.0, 0.0, 0.0, 0.0, 0.0, 0.0, 0.0, 0.0, 0.0, 0.0, 0.0, 0.0, 0.0, 0.0, 0.0, 0.0, 0.0]"
Pure_BM25,network troubleshooting guide,semantic,hard,0.006238698959350586,0.0,0.0,0.0,0.0,0.0,0.0,0.0,0,0,0.0,"[""TechDocs"", ""TechDocs"", ""TechDocs"", ""TechDocs"", ""TechDocs"", ""TechDocs"", ""TechDocs"", ""TechDocs"", ""TechDocs"", ""TechDocs""]","[0.0, 0.0, 0.0, 0.0, 0.0, 0.0, 0.0, 0.0, 0.0, 0.0, 0.0, 0.0, 0.0, 0.0, 0.0, 0.0, 0.0, 0.0, 0.0, 0.0, 0.0, 0.0, 0.0, 0.0, 0.0, 0.0, 0.0, 0.0, 0.0, 0.0, 0.0, 0.0, 0.0, 0.0, 0.0, 0.0, 0.0, 0.0, 0.0, 0.0, 0.0, 0.0, 0.0, 0.0, 0.0, 0.0, 0.0, 0.0, 0.0, 0.0]"
Pure_BM25,recommended paper types,keyword,easy,0.005227565765380859,0.0,0.0,0.021739130434782608,0.0,0.0,0.0,0.0,0,0,2.0,"[""TechDocs"", ""TechDocs"", ""TechDocs"", ""TechDocs"", ""Healthcare"", ""Healthcare"", ""TechDocs"", ""TechDocs"", ""TechDocs"", ""TechDocs""]","[0.0, 0.0, 0.0, 0.0, 0.0, 0.0, 0.0, 0.0, 0.0, 0.0, 0.0, 0.0, 0.0, 0.0, 0.0, 0.0, 0.0, 0.0, 0.0, 0.0, 0.0, 0.0, 0.0, 0.0, 0.0, 0.0, 0.0, 0.0, 0.0, 0.0, 0.0, 0.0, 0.0, 0.0, 0.0, 0.0, 0.0, 0.0, 0.0, 0.0, 0.0, 0.0, 0.0, 0.0, 0.0, 1.0, 0.0, 1.0, 0.0, 0.0]"
Pure_BM25,default settings,keyword,easy,0.008826494216918945,1.0,0.8364720227611436,1.0,1.6666666666666667,2.0,1.0,0.6,1.25,0.923076923076923,6.0,"[""TechDocs"", ""TechDocs"", ""TechDocs"", ""TechDocs"", ""TechDocs"", ""TechDocs"", ""TechDocs"", ""TechDocs"", ""TechDocs"", ""TechDocs""]","[1.0, 1.0, 1.0, 1.0, 1.0, 1.0, 0.0, 0.0, 0.0, 0.0, 0.0, 0.0, 0.0, 0.0, 0.0, 0.0, 0.0, 0.0, 0.0, 0.0, 0.0, 0.0, 0.0, 0.0, 0.0, 0.0, 0.0, 0.0, 0.0, 0.0, 0.0, 0.0, 0.0, 0.0, 0.0, 0.0, 0.0, 0.0, 0.0, 0.0, 0.0, 0.0, 0.0, 0.0, 0.0, 0.0, 0.0, 0.0, 0.0, 0.0]"
Pure_BM25,how to use automatic document feeder,semantic,medium,0.015654563903808594,0.0,0.0,0.0,0.0,0.0,0.0,0.0,0,0,0.0,"[""TechDocs"", ""TechDocs"", ""TechDocs"", ""TechDocs"", ""TechDocs"", ""TechDocs"", ""TechDocs"", ""TechDocs"", ""TechDocs"", ""TechDocs""]","[0.0, 0.0, 0.0, 0.0, 0.0, 0.0, 0.0, 0.0, 0.0, 0.0, 0.0, 0.0, 0.0, 0.0, 0.0, 0.0, 0.0, 0.0, 0.0, 0.0, 0.0, 0.0, 0.0, 0.0, 0.0, 0.0, 0.0, 0.0, 0.0, 0.0, 0.0, 0.0, 0.0, 0.0, 0.0, 0.0, 0.0, 0.0, 0.0, 0.0, 0.0, 0.0, 0.0, 0.0, 0.0, 0.0, 0.0, 0.0, 0.0, 0.0]"
Pure_BM25,adjust print density,semantic,medium,0.009781360626220703,0.0,0.0,0.0,0.0,0.0,0.0,0.0,0,0,0.0,"[""TechDocs"", ""TechDocs"", ""TechDocs"", ""TechDocs"", ""TechDocs"", ""TechDocs"", ""Healthcare"", ""Healthcare"", ""TechDocs"", ""TechDocs""]","[0.0, 0.0, 0.0, 0.0, 0.0, 0.0, 0.0, 0.0, 0.0, 0.0, 0.0, 0.0, 0.0, 0.0, 0.0, 0.0, 0.0, 0.0, 0.0, 0.0, 0.0, 0.0, 0.0, 0.0, 0.0, 0.0, 0.0, 0.0, 0.0, 0.0, 0.0, 0.0, 0.0, 0.0, 0.0, 0.0, 0.0, 0.0, 0.0, 0.0, 0.0, 0.0, 0.0, 0.0, 0.0, 0.0, 0.0, 0.0, 0.0, 0.0]"
Pure_BM25,firmware upgrade instructions,semantic,medium,0.010310649871826172,0.0,0.0,0.0,0.0,0.0,0.0,0.0,0,0,0.0,"[""TechDocs"", ""TechDocs"", ""TechDocs"", ""TechDocs"", ""TechDocs"", ""TechDocs"", ""TechDocs"", ""TechDocs"", ""TechDocs"", ""TechDocs""]","[0.0, 0.0, 0.0, 0.0, 0.0, 0.0, 0.0, 0.0, 0.0, 0.0, 0.0, 0.0, 0.0, 0.0, 0.0, 0.0, 0.0, 0.0, 0.0, 0.0, 0.0, 0.0, 0.0, 0.0, 0.0, 0.0, 0.0, 0.0, 0.0, 0.0, 0.0, 0.0, 0.0, 0.0, 0.0, 0.0, 0.0, 0.0, 0.0, 0.0, 0.0, 0.0, 0.0, 0.0, 0.0, 0.0, 0.0, 0.0, 0.0, 0.0]"
Pure_BM25,set up scan to network folder,semantic,hard,0.011817216873168945,0.0,0.0,0.0,0.0,0.0,0.0,0.0,0,0,0.0,"[""TechDocs"", ""TechDocs"", ""TechDocs"", ""TechDocs"", ""TechDocs"", ""TechDocs"", ""TechDocs"", ""TechDocs"", ""TechDocs"", ""TechDocs""]","[0.0, 0.0, 0.0, 0.0, 0.0, 0.0, 0.0, 0.0, 0.0, 0.0, 0.0, 0.0, 0.0, 0.0, 0.0, 0.0, 0.0, 0.0, 0.0, 0.0, 0.0, 0.0, 0.0, 0.0, 0.0, 0.0, 0.0, 0.0, 0.0, 0.0, 0.0, 0.0, 0.0, 0.0, 0.0, 0.0, 0.0, 0.0, 0.0, 0.0, 0.0, 0.0, 0.0, 0.0, 0.0, 0.0, 0.0, 0.0, 0.0, 0.0]"
Pure_BM25,setup email notification,semantic,hard,0.010725259780883789,0.0,0.0,0.0,0.0,0.0,0.0,0.0,0,0,0.0,"[""TechDocs"", ""TechDocs"", ""Academic"", ""Academic"", ""TechDocs"", ""TechDocs"", ""TechDocs"", ""TechDocs"", ""TechDocs"", ""TechDocs""]","[0.0, 0.0, 0.0, 0.0, 0.0, 0.0, 0.0, 0.0, 0.0, 0.0, 0.0, 0.0, 0.0, 0.0, 0.0, 0.0, 0.0, 0.0, 0.0, 0.0, 0.0, 0.0, 0.0, 0.0, 0.0, 0.0, 0.0, 0.0, 0.0, 0.0, 0.0, 0.0, 0.0, 0.0, 0.0, 0.0, 0.0, 0.0, 0.0, 0.0, 0.0, 0.0, 0.0, 0.0, 0.0, 0.0, 0.0, 0.0, 0.0, 0.0]"
Pure_BM25,how to copy documents,semantic,easy,0.009220123291015625,0.0,0.0,0.0,0.0,0.0,0.0,0.0,0,0,0.0,"[""TechDocs"", ""TechDocs"", ""TechDocs"", ""TechDocs"", ""Other"", ""Other"", ""TechDocs"", ""TechDocs"", ""TechDocs"", ""TechDocs""]","[0.0, 0.0, 0.0, 0.0, 0.0, 0.0, 0.0, 0.0, 0.0, 0.0, 0.0, 0.0, 0.0, 0.0, 0.0, 0.0, 0.0, 0.0, 0.0, 0.0, 0.0, 0.0, 0.0, 0.0, 0.0, 0.0, 0.0, 0.0, 0.0, 0.0, 0.0, 0.0, 0.0, 0.0, 0.0, 0.0, 0.0, 0.0, 0.0, 0.0, 0.0, 0.0, 0.0, 0.0, 0.0, 0.0, 0.0, 0.0, 0.0, 0.0]"
Pure_BM25,paper tray adjustment,keyword,easy,0.008005619049072266,0.6569343065693432,0.5842026825633383,1.0,0.6666666666666666,1.3333333333333333,0.4,0.4,0.5,0.6153846153846153,10.0,"[""TechDocs"", ""TechDocs"", ""TechDocs"", ""TechDocs"", ""TechDocs"", ""TechDocs"", ""TechDocs"", ""TechDocs"", ""TechDocs"", ""TechDocs""]","[1.0, 1.0, 0.0, 0.0, 0.0, 0.0, 0.0, 0.0, 1.0, 1.0, 0.0, 0.0, 0.0, 0.0, 0.0, 0.0, 0.0, 0.0, 0.0, 0.0, 0.0, 0.0, 1.0, 1.0, 0.0, 0.0, 1.0, 1.0, 0.0, 0.0, 0.0, 0.0, 1.0, 1.0, 0.0, 0.0, 0.0, 0.0, 0.0, 0.0, 0.0, 0.0, 0.0, 0.0, 0.0, 0.0, 0.0, 0.0, 0.0, 0.0]"
Pure_BM25,print quality improvement,semantic,medium,0.008270025253295898,1.0,0.8364720227611436,1.0,1.6666666666666667,2.0,1.0,0.6,1.25,0.923076923076923,6.0,"[""TechDocs"", ""TechDocs"", ""TechDocs"", ""TechDocs"", ""TechDocs"", ""TechDocs"", ""TechDocs"", ""TechDocs"", ""TechDocs"", ""TechDocs""]","[1.0, 1.0, 1.0, 1.0, 1.0, 1.0, 0.0, 0.0, 0.0, 0.0, 0.0, 0.0, 0.0, 0.0, 0.0, 0.0, 0.0, 0.0, 0.0, 0.0, 0.0, 0.0, 0.0, 0.0, 0.0, 0.0, 0.0, 0.0, 0.0, 0.0, 0.0, 0.0, 0.0, 0.0, 0.0, 0.0, 0.0, 0.0, 0.0, 0.0, 0.0, 0.0, 0.0, 0.0, 0.0, 0.0, 0.0, 0.0, 0.0, 0.0]"
Pure_BM25,network configuration examples,semantic,hard,0.007651329040527344,0.6569343065693432,0.5121257282211082,1.0,0.6666666666666666,0.6666666666666666,0.4,0.2,0.5,0.30769230769230765,4.0,"[""TechDocs"", ""TechDocs"", ""TechDocs"", ""TechDocs"", ""Academic"", ""Academic"", ""TechDocs"", ""TechDocs"", ""TechDocs"", ""TechDocs""]","[1.0, 1.0, 0.0, 0.0, 0.0, 0.0, 0.0, 0.0, 0.0, 0.0, 1.0, 1.0, 0.0, 0.0, 0.0, 0.0, 0.0, 0.0, 0.0, 0.0, 0.0, 0.0, 0.0, 0.0, 0.0, 0.0, 0.0, 0.0, 0.0, 0.0, 0.0, 0.0, 0.0, 0.0, 0.0, 0.0, 0.0, 0.0, 0.0, 0.0, 0.0, 0.0, 0.0, 0.0, 0.0, 0.0, 0.0, 0.0, 0.0, 0.0]"
Pure_BM25,how to replace ink cartridges,keyword,easy,0.007381916046142578,0.0,0.0,0.0,0.0,0.0,0.0,0.0,0,0,0.0,"[""TechDocs"", ""TechDocs"", ""TechDocs"", ""TechDocs"", ""TechDocs"", ""TechDocs"", ""TechDocs"", ""TechDocs"", ""TechDocs"", ""TechDocs""]","[0.0, 0.0, 0.0, 0.0, 0.0, 0.0, 0.0, 0.0, 0.0, 0.0, 0.0, 0.0, 0.0, 0.0, 0.0, 0.0, 0.0, 0.0, 0.0, 0.0, 0.0, 0.0, 0.0, 0.0, 0.0, 0.0, 0.0, 0.0, 0.0, 0.0, 0.0, 0.0, 0.0, 0.0, 0.0, 0.0, 0.0, 0.0, 0.0, 0.0, 0.0, 0.0, 0.0, 0.0, 0.0, 0.0, 0.0, 0.0, 0.0, 0.0]"
Pure_BM25,scan resolution settings,semantic,medium,0.006930112838745117,0.0,0.0,0.0,0.0,0.0,0.0,0.0,0,0,0.0,"[""TechDocs"", ""TechDocs"", ""TechDocs"", ""TechDocs"", ""TechDocs"", ""TechDocs"", ""TechDocs"", ""TechDocs"", ""TechDocs"", ""TechDocs""]","[0.0, 0.0, 0.0, 0.0, 0.0, 0.0, 0.0, 0.0, 0.0, 0.0, 0.0, 0.0, 0.0, 0.0, 0.0, 0.0, 0.0, 0.0, 0.0, 0.0, 0.0, 0.0, 0.0, 0.0, 0.0, 0.0, 0.0, 0.0, 0.0, 0.0, 0.0, 0.0, 0.0, 0.0, 0.0, 0.0, 0.0, 0.0, 0.0, 0.0, 0.0, 0.0, 0.0, 0.0, 0.0, 0.0, 0.0, 0.0, 0.0, 0.0]"
Pure_BM25,printer security settings,semantic,hard,0.006548643112182617,0.0,0.0,0.0,0.0,0.0,0.0,0.0,0,0,0.0,"[""TechDocs"", ""TechDocs"", ""TechDocs"", ""TechDocs"", ""TechDocs"", ""TechDocs"", ""TechDocs"", ""TechDocs"", ""TechDocs"", ""TechDocs""]","[0.0, 0.0, 0.0, 0.0, 0.0, 0.0, 0.0, 0.0, 0.0, 0.0, 0.0, 0.0, 0.0, 0.0, 0.0, 0.0, 0.0, 0.0, 0.0, 0.0, 0.0, 0.0, 0.0, 0.0, 0.0, 0.0, 0.0, 0.0, 0.0, 0.0, 0.0, 0.0, 0.0, 0.0, 0.0, 0.0, 0.0, 0.0, 0.0, 0.0, 0.0, 0.0, 0.0, 0.0, 0.0, 0.0, 0.0, 0.0, 0.0, 0.0]"
Pure_BM25,how to share printer on network,semantic,medium,0.00685572624206543,0.6569343065693432,0.5121257282211082,1.0,0.6666666666666666,0.6666666666666666,0.4,0.2,0.5,0.30769230769230765,2.0,"[""TechDocs"", ""TechDocs"", ""TechDocs"", ""TechDocs"", ""TechDocs"", ""TechDocs"", ""TechDocs"", ""TechDocs"", ""TechDocs"", ""TechDocs""]","[1.0, 1.0, 0.0, 0.0, 0.0, 0.0, 0.0, 0.0, 0.0, 0.0, 0.0, 0.0, 0.0, 0.0, 0.0, 0.0, 0.0, 0.0, 0.0, 0.0, 0.0, 0.0, 0.0, 0.0, 0.0, 0.0, 0.0, 0.0, 0.0, 0.0, 0.0, 0.0, 0.0, 0.0, 0.0, 0.0, 0.0, 0.0, 0.0, 0.0, 0.0, 0.0, 0.0, 0.0, 0.0, 0.0, 0.0, 0.0, 0.0, 0.0]"
Pure_BM25,paper handling tips,keyword,easy,0.009246826171875,0.7445255474452555,0.6373120173418236,1.0,1.0,1.3333333333333333,0.6,0.4,0.7499999999999999,0.6153846153846153,4.0,"[""TechDocs"", ""TechDocs"", ""TechDocs"", ""TechDocs"", ""TechDocs"", ""TechDocs"", ""TechDocs"", ""TechDocs"", ""TechDocs"", ""TechDocs""]","[1.0, 1.0, 0.0, 0.0, 1.0, 1.0, 0.0, 0.0, 0.0, 0.0, 0.0, 0.0, 0.0, 0.0, 0.0, 0.0, 0.0, 0.0, 0.0, 0.0, 0.0, 0.0, 0.0, 0.0, 0.0, 0.0, 0.0, 0.0, 0.0, 0.0, 0.0, 0.0, 0.0, 0.0, 0.0, 0.0, 0.0, 0.0, 0.0, 0.0, 0.0, 0.0, 0.0, 0.0, 0.0, 0.0, 0.0, 0.0, 0.0, 0.0]"
Pure_BM25,troubleshoot connection issues,semantic,hard,0.0057637691497802734,0.6569343065693432,0.5121257282211082,1.0,0.6666666666666666,0.6666666666666666,0.4,0.2,0.5,0.30769230769230765,2.0,"[""TechDocs"", ""TechDocs"", ""TechDocs"", ""TechDocs"", ""TechDocs"", ""TechDocs"", ""TechDocs"", ""TechDocs"", ""TechDocs"", ""TechDocs""]","[1.0, 1.0, 0.0, 0.0, 0.0, 0.0, 0.0, 0.0, 0.0, 0.0, 0.0, 0.0, 0.0, 0.0, 0.0, 0.0, 0.0, 0.0, 0.0, 0.0, 0.0, 0.0, 0.0, 0.0, 0.0, 0.0, 0.0, 0.0, 0.0, 0.0, 0.0, 0.0, 0.0, 0.0, 0.0, 0.0, 0.0, 0.0, 0.0, 0.0, 0.0, 0.0, 0.0, 0.0, 0.0, 0.0, 0.0, 0.0, 0.0, 0.0]"
Pure_BM25,how to save scan to computer,semantic,medium,0.008263826370239258,0.0,0.0,0.0,0.0,0.0,0.0,0.0,0,0,0.0,"[""TechDocs"", ""TechDocs"", ""TechDocs"", ""TechDocs"", ""Healthcare"", ""Healthcare"", ""TechDocs"", ""TechDocs"", ""TechDocs"", ""TechDocs""]","[0.0, 0.0, 0.0, 0.0, 0.0, 0.0, 0.0, 0.0, 0.0, 0.0, 0.0, 0.0, 0.0, 0.0, 0.0, 0.0, 0.0, 0.0, 0.0, 0.0, 0.0, 0.0, 0.0, 0.0, 0.0, 0.0, 0.0, 0.0, 0.0, 0.0, 0.0, 0.0, 0.0, 0.0, 0.0, 0.0, 0.0, 0.0, 0.0, 0.0, 0.0, 0.0, 0.0, 0.0, 0.0, 0.0, 0.0, 0.0, 0.0, 0.0]"
Pure_BM25,printing preferences,keyword,easy,0.004244804382324219,0.0,0.0,0.0,0.0,0.0,0.0,0.0,0,0,0.0,"[""TechDocs"", ""TechDocs"", ""TechDocs"", ""TechDocs"", ""TechDocs"", ""TechDocs"", ""TechDocs"", ""TechDocs"", ""TechDocs"", ""TechDocs""]","[0.0, 0.0, 0.0, 0.0, 0.0, 0.0, 0.0, 0.0, 0.0, 0.0, 0.0, 0.0, 0.0, 0.0, 0.0, 0.0, 0.0, 0.0, 0.0, 0.0, 0.0, 0.0, 0.0, 0.0, 0.0, 0.0, 0.0, 0.0, 0.0, 0.0, 0.0, 0.0, 0.0, 0.0, 0.0, 0.0, 0.0, 0.0, 0.0, 0.0, 0.0, 0.0, 0.0, 0.0, 0.0, 0.0, 0.0, 0.0, 0.0, 0.0]"
Pure_BM25,scan to cloud storage,semantic,hard,0.007729530334472656,0.0,0.0,0.0,0.0,0.0,0.0,0.0,0,0,0.0,"[""TechDocs"", ""TechDocs"", ""Game"", ""Game"", ""TechDocs"", ""TechDocs"", ""TechDocs"", ""TechDocs"", ""TechDocs"", ""TechDocs""]","[0.0, 0.0, 0.0, 0.0, 0.0, 0.0, 0.0, 0.0, 0.0, 0.0, 0.0, 0.0, 0.0, 0.0, 0.0, 0.0, 0.0, 0.0, 0.0, 0.0, 0.0, 0.0, 0.0, 0.0, 0.0, 0.0, 0.0, 0.0, 0.0, 0.0, 0.0, 0.0, 0.0, 0.0, 0.0, 0.0, 0.0, 0.0, 0.0, 0.0, 0.0, 0.0, 0.0, 0.0, 0.0, 0.0, 0.0, 0.0, 0.0, 0.0]"
Pure_BM25,how to check printer status,keyword,easy,0.0058634281158447266,0.6569343065693432,0.5121257282211082,1.0,0.6666666666666666,0.6666666666666666,0.4,0.2,0.5,0.30769230769230765,4.0,"[""TechDocs"", ""TechDocs"", ""TechDocs"", ""TechDocs"", ""TechDocs"", ""TechDocs"", ""TechDocs"", ""TechDocs"", ""TechDocs"", ""TechDocs""]","[1.0, 1.0, 0.0, 0.0, 0.0, 0.0, 0.0, 0.0, 0.0, 0.0, 0.0, 0.0, 0.0, 0.0, 1.0, 1.0, 0.0, 0.0, 0.0, 0.0, 0.0, 0.0, 0.0, 0.0, 0.0, 0.0, 0.0, 0.0, 0.0, 0.0, 0.0, 0.0, 0.0, 0.0, 0.0, 0.0, 0.0, 0.0, 0.0, 0.0, 0.0, 0.0, 0.0, 0.0, 0.0, 0.0, 0.0, 0.0, 0.0, 0.0]"
Pure_BM25,network printer setup,semantic,medium,0.010194063186645508,0.0,0.0,0.0,0.0,0.0,0.0,0.0,0,0,0.0,"[""TechDocs"", ""TechDocs"", ""TechDocs"", ""TechDocs"", ""TechDocs"", ""TechDocs"", ""TechDocs"", ""TechDocs"", ""TechDocs"", ""TechDocs""]","[0.0, 0.0, 0.0, 0.0, 0.0, 0.0, 0.0, 0.0, 0.0, 0.0, 0.0, 0.0, 0.0, 0.0, 0.0, 0.0, 0.0, 0.0, 0.0, 0.0, 0.0, 0.0, 0.0, 0.0, 0.0, 0.0, 0.0, 0.0, 0.0, 0.0, 0.0, 0.0, 0.0, 0.0, 0.0, 0.0, 0.0, 0.0, 0.0, 0.0, 0.0, 0.0, 0.0, 0.0, 0.0, 0.0, 0.0, 0.0, 0.0, 0.0]"
Pure_BM25,color calibration,semantic,hard,0.0047779083251953125,0.0,0.0,0.0,0.0,0.0,0.0,0.0,0,0,0.0,"[""TechDocs"", ""TechDocs"", ""Other"", ""Other"", ""Game"", ""Game"", ""TechDocs"", ""TechDocs"", ""TechDocs"", ""TechDocs""]","[0.0, 0.0, 0.0, 0.0, 0.0, 0.0, 0.0, 0.0, 0.0, 0.0, 0.0, 0.0, 0.0, 0.0, 0.0, 0.0, 0.0, 0.0, 0.0, 0.0, 0.0, 0.0, 0.0, 0.0, 0.0, 0.0, 0.0, 0.0, 0.0, 0.0, 0.0, 0.0, 0.0, 0.0, 0.0, 0.0, 0.0, 0.0, 0.0, 0.0, 0.0, 0.0, 0.0, 0.0, 0.0, 0.0, 0.0, 0.0, 0.0, 0.0]"
Pure_BM25,how to load paper,keyword,easy,0.005471229553222656,1.0,0.9279230456577701,1.0,1.6666666666666667,2.6666666666666665,1.0,0.8,1.25,1.2307692307692306,10.0,"[""TechDocs"", ""TechDocs"", ""TechDocs"", ""TechDocs"", ""TechDocs"", ""TechDocs"", ""TechDocs"", ""TechDocs"", ""TechDocs"", ""TechDocs""]","[1.0, 1.0, 1.0, 1.0, 1.0, 1.0, 1.0, 1.0, 0.0, 0.0, 0.0, 0.0, 0.0, 0.0, 0.0, 0.0, 1.0, 1.0, 0.0, 0.0, 0.0, 0.0, 0.0, 0.0, 0.0, 0.0, 0.0, 0.0, 0.0, 0.0, 0.0, 0.0, 0.0, 0.0, 0.0, 0.0, 0.0, 0.0, 0.0, 0.0, 0.0, 0.0, 0.0, 0.0, 0.0, 0.0, 0.0, 0.0, 0.0, 0.0]"
Pure_BM25,print job queue management,semantic,medium,0.010635852813720703,0.0,0.0,0.0,0.0,0.0,0.0,0.0,0,0,0.0,"[""TechDocs"", ""TechDocs"", ""TechDocs"", ""TechDocs"", ""TechDocs"", ""TechDocs"", ""Financial"", ""Financial"", ""TechDocs"", ""Financial""]","[0.0, 0.0, 0.0, 0.0, 0.0, 0.0, 0.0, 0.0, 0.0, 0.0, 0.0, 0.0, 0.0, 0.0, 0.0, 0.0, 0.0, 0.0, 0.0, 0.0, 0.0, 0.0, 0.0, 0.0, 0.0, 0.0, 0.0, 0.0, 0.0, 0.0, 0.0, 0.0, 0.0, 0.0, 0.0, 0.0, 0.0, 0.0, 0.0, 0.0, 0.0, 0.0, 0.0, 0.0, 0.0, 0.0, 0.0, 0.0, 0.0, 0.0]"
Pure_BM25,advanced network settings,semantic,hard,0.007447004318237305,0.0,0.0,0.0,0.0,0.0,0.0,0.0,0,0,0.0,"[""TechDocs"", ""TechDocs"", ""TechDocs"", ""TechDocs"", ""TechDocs"", ""TechDocs"", ""TechDocs"", ""TechDocs"", ""TechDocs"", ""TechDocs""]","[0.0, 0.0, 0.0, 0.0, 0.0, 0.0, 0.0, 0.0, 0.0, 0.0, 0.0, 0.0, 0.0, 0.0, 0.0, 0.0, 0.0, 0.0, 0.0, 0.0, 0.0, 0.0, 0.0, 0.0, 0.0, 0.0, 0.0, 0.0, 0.0, 0.0, 0.0, 0.0, 0.0, 0.0, 0.0, 0.0, 0.0, 0.0, 0.0, 0.0, 0.0, 0.0, 0.0, 0.0, 0.0, 0.0, 0.0, 0.0, 0.0, 0.0]"
Pure_BM25,how to clean scanner glass,keyword,easy,0.006936073303222656,0.6569343065693432,0.5121257282211082,1.0,0.6666666666666666,0.6666666666666666,0.4,0.2,0.5,0.30769230769230765,2.0,"[""TechDocs"", ""TechDocs"", ""TechDocs"", ""TechDocs"", ""TechDocs"", ""TechDocs"", ""TechDocs"", ""TechDocs"", ""TechDocs"", ""TechDocs""]","[1.0, 1.0, 0.0, 0.0, 0.0, 0.0, 0.0, 0.0, 0.0, 0.0, 0.0, 0.0, 0.0, 0.0, 0.0, 0.0, 0.0, 0.0, 0.0, 0.0, 0.0, 0.0, 0.0, 0.0, 0.0, 0.0, 0.0, 0.0, 0.0, 0.0, 0.0, 0.0, 0.0, 0.0, 0.0, 0.0, 0.0, 0.0, 0.0, 0.0, 0.0, 0.0, 0.0, 0.0, 0.0, 0.0, 0.0, 0.0, 0.0, 0.0]"
Hybrid_RRF,paper jam solution,keyword,easy,0.3108985424041748,0.9124087591240877,0.7112857336404282,1.0,1.0,1.0,0.8,0.4,0.888888888888889,0.5714285714285715,5.0,"[""TechDocs"", ""TechDocs"", ""TechDocs"", ""TechDocs"", ""TechDocs"", ""TechDocs"", ""TechDocs"", ""TechDocs"", ""TechDocs"", ""TechDocs""]","[1.0, 1.0, 1.0, 1.0, 0.0, 0.0, 0.0, 0.0, 0.0, 0.0, 0.0, 0.0, 0.0, 0.0, 1.0, 0.0, 0.0, 0.0, 0.0, 0.0, 0.0, 0.0, 0.0, 0.0, 0.0, 0.0, 0.0, 0.0, 0.0, 0.0, 0.0, 0.0, 0.0, 0.0, 0.0, 0.0, 0.0, 0.0, 0.0, 0.0, 0.0, 0.0, 0.0, 0.0, 0.0, 0.0, 0.0, 0.0, 0.0, 0.0]"
Hybrid_RRF,how to reset the device,semantic,easy,0.026834726333618164,0.21897810218978103,0.17070857607370277,0.5,0.3333333333333333,0.3333333333333333,0.2,0.1,0.25,0.15384615384615383,2.0,"[""TechDocs"", ""TechDocs"", ""TechDocs"", ""TechDocs"", ""TechDocs"", ""TechDocs"", ""TechDocs"", ""TechDocs"", ""TechDocs"", ""TechDocs""]","[0.0, 1.0, 0.0, 0.0, 0.0, 0.0, 0.0, 0.0, 0.0, 0.0, 0.0, 0.0, 0.0, 0.0, 0.0, 0.0, 0.0, 0.0, 0.0, 0.0, 0.0, 1.0, 0.0, 0.0, 0.0, 0.0, 0.0, 0.0, 0.0, 0.0, 0.0, 0.0, 0.0, 0.0, 0.0, 0.0, 0.0, 0.0, 0.0, 0.0, 0.0, 0.0, 0.0, 0.0, 0.0, 0.0, 0.0, 0.0, 0.0, 0.0]"
Hybrid_RRF,scan to email,keyword,easy,0.036562204360961914,0.0,0.0,0.0,0.0,0.0,0.0,0.0,0,0,0.0,"[""Game"", ""Game"", ""TechDocs"", ""Other"", ""TechDocs"", ""TechDocs"", ""Game"", ""Game"", ""TechDocs"", ""TechDocs""]","[0.0, 0.0, 0.0, 0.0, 0.0, 0.0, 0.0, 0.0, 0.0, 0.0, 0.0, 0.0, 0.0, 0.0, 0.0, 0.0, 0.0, 0.0, 0.0, 0.0, 0.0, 0.0, 0.0, 0.0, 0.0, 0.0, 0.0, 0.0, 0.0, 0.0, 0.0, 0.0, 0.0, 0.0, 0.0, 0.0, 0.0, 0.0, 0.0, 0.0, 0.0, 0.0, 0.0, 0.0, 0.0, 0.0, 0.0, 0.0, 0.0, 0.0]"
Hybrid_RRF,replace toner cartridge,keyword,easy,0.028601408004760742,0.0,0.0,0.029411764705882353,0.0,0.0,0.0,0.0,0,0,1.0,"[""TechDocs"", ""TechDocs"", ""TechDocs"", ""TechDocs"", ""TechDocs"", ""TechDocs"", ""TechDocs"", ""TechDocs"", ""TechDocs"", ""TechDocs""]","[0.0, 0.0, 0.0, 0.0, 0.0, 0.0, 0.0, 0.0, 0.0, 0.0, 0.0, 0.0, 0.0, 0.0, 0.0, 0.0, 0.0, 0.0, 0.0, 0.0, 0.0, 0.0, 0.0, 0.0, 0.0, 0.0, 0.0, 0.0, 0.0, 0.0, 0.0, 0.0, 0.0, 1.0, 0.0, 0.0, 0.0, 0.0, 0.0, 0.0, 0.0, 0.0, 0.0, 0.0, 0.0, 0.0, 0.0, 0.0, 0.0, 0.0]"
Hybrid_RRF,connect printer to wifi network,semantic,medium,0.02415013313293457,0.7664233576642336,0.5974800162579597,1.0,1.0,1.0,0.6,0.3,0.7499999999999999,0.4615384615384615,3.0,"[""TechDocs"", ""TechDocs"", ""TechDocs"", ""TechDocs"", ""TechDocs"", ""TechDocs"", ""TechDocs"", ""TechDocs"", ""TechDocs"", ""TechDocs""]","[1.0, 1.0, 0.0, 1.0, 0.0, 0.0, 0.0, 0.0, 0.0, 0.0, 0.0, 0.0, 0.0, 0.0, 0.0, 0.0, 0.0, 0.0, 0.0, 0.0, 0.0, 0.0, 0.0, 0.0, 0.0, 0.0, 0.0, 0.0, 0.0, 0.0, 0.0, 0.0, 0.0, 0.0, 0.0, 0.0, 0.0, 0.0, 0.0, 0.0, 0.0, 0.0, 0.0, 0.0, 0.0, 0.0, 0.0, 0.0, 0.0, 0.0]"
Hybrid_RRF,software update for printer,semantic,medium,0.026241540908813477,0.0,0.0,0.0,0.0,0.0,0.0,0.0,0,0,0.0,"[""TechDocs"", ""TechDocs"", ""TechDocs"", ""TechDocs"", ""TechDocs"", ""TechDocs"", ""TechDocs"", ""TechDocs"", ""TechDocs"", ""TechDocs""]","[0.0, 0.0, 0.0, 0.0, 0.0, 0.0, 0.0, 0.0, 0.0, 0.0, 0.0, 0.0, 0.0, 0.0, 0.0, 0.0, 0.0, 0.0, 0.0, 0.0, 0.0, 0.0, 0.0, 0.0, 0.0, 0.0, 0.0, 0.0, 0.0, 0.0, 0.0, 0.0, 0.0, 0.0, 0.0, 0.0, 0.0, 0.0, 0.0, 0.0, 0.0, 0.0, 0.0, 0.0, 0.0, 0.0, 0.0, 0.0, 0.0, 0.0]"
Hybrid_RRF,print from mobile phone,semantic,medium,0.026381254196166992,0.0,0.0,0.0,0.0,0.0,0.0,0.0,0,0,0.0,"[""TechDocs"", ""TechDocs"", ""TechDocs"", ""TechDocs"", ""TechDocs"", ""TechDocs"", ""TechDocs"", ""TechDocs"", ""TechDocs"", ""TechDocs""]","[0.0, 0.0, 0.0, 0.0, 0.0, 0.0, 0.0, 0.0, 0.0, 0.0, 0.0, 0.0, 0.0, 0.0, 0.0, 0.0, 0.0, 0.0, 0.0, 0.0, 0.0, 0.0, 0.0, 0.0, 0.0, 0.0, 0.0, 0.0, 0.0, 0.0, 0.0, 0.0, 0.0, 0.0, 0.0, 0.0, 0.0, 0.0, 0.0, 0.0, 0.0, 0.0, 0.0, 0.0, 0.0, 0.0, 0.0, 0.0, 0.0, 0.0]"
Hybrid_RRF,troubleshoot print quality,semantic,hard,0.024445772171020508,0.6569343065693432,0.5121257282211082,1.0,0.6666666666666666,0.6666666666666666,0.4,0.2,0.5,0.30769230769230765,2.0,"[""TechDocs"", ""TechDocs"", ""TechDocs"", ""TechDocs"", ""TechDocs"", ""TechDocs"", ""TechDocs"", ""TechDocs"", ""TechDocs"", ""TechDocs""]","[1.0, 1.0, 0.0, 0.0, 0.0, 0.0, 0.0, 0.0, 0.0, 0.0, 0.0, 0.0, 0.0, 0.0, 0.0, 0.0, 0.0, 0.0, 0.0, 0.0, 0.0, 0.0, 0.0, 0.0, 0.0, 0.0, 0.0, 0.0, 0.0, 0.0, 0.0, 0.0, 0.0, 0.0, 0.0, 0.0, 0.0, 0.0, 0.0, 0.0, 0.0, 0.0, 0.0, 0.0, 0.0, 0.0, 0.0, 0.0, 0.0, 0.0]"
Hybrid_RRF,configure network settings,semantic,hard,0.026801586151123047,0.6569343065693432,0.5121257282211082,1.0,0.6666666666666666,0.6666666666666666,0.4,0.2,0.5,0.30769230769230765,3.0,"[""TechDocs"", ""TechDocs"", ""TechDocs"", ""TechDocs"", ""TechDocs"", ""TechDocs"", ""TechDocs"", ""TechDocs"", ""TechDocs"", ""Legal""]","[1.0, 1.0, 0.0, 0.0, 0.0, 0.0, 0.0, 0.0, 0.0, 0.0, 0.0, 0.0, 1.0, 0.0, 0.0, 0.0, 0.0, 0.0, 0.0, 0.0, 0.0, 0.0, 0.0, 0.0, 0.0, 0.0, 0.0, 0.0, 0.0, 0.0, 0.0, 0.0, 0.0, 0.0, 0.0, 0.0, 0.0, 0.0, 0.0, 0.0, 0.0, 0.0, 0.0, 0.0, 0.0, 0.0, 0.0, 0.0, 0.0, 0.0]"
Hybrid_RRF,send fax to multiple recipients,semantic,hard,0.025473833084106445,0.854014598540146,0.7463758298333559,1.0,1.3333333333333333,2.0,0.8,0.6,1.0,0.923076923076923,8.0,"[""TechDocs"", ""TechDocs"", ""TechDocs"", ""TechDocs"", ""TechDocs"", ""TechDocs"", ""TechDocs"", ""TechDocs"", ""TechDocs"", ""TechDocs""]","[1.0, 1.0, 0.0, 1.0, 1.0, 0.0, 0.0, 1.0, 1.0, 0.0, 0.0, 0.0, 0.0, 0.0, 0.0, 0.0, 0.0, 0.0, 0.0, 0.0, 0.0, 1.0, 0.0, 0.0, 0.0, 0.0, 0.0, 0.0, 0.0, 0.0, 0.0, 0.0, 0.0, 0.0, 0.0, 0.0, 0.0, 0.0, 0.0, 0.0, 0.0, 0.0, 0.0, 0.0, 0.0, 0.0, 0.0, 0.0, 1.0, 0.0]"
Hybrid_RRF,clean the printhead,semantic,medium,0.022234201431274414,0.0,0.0,0.0,0.0,0.0,0.0,0.0,0,0,0.0,"[""TechDocs"", ""TechDocs"", ""TechDocs"", ""TechDocs"", ""TechDocs"", ""TechDocs"", ""TechDocs"", ""TechDocs"", ""TechDocs"", ""TechDocs""]","[0.0, 0.0, 0.0, 0.0, 0.0, 0.0, 0.0, 0.0, 0.0, 0.0, 0.0, 0.0, 0.0, 0.0, 0.0, 0.0, 0.0, 0.0, 0.0, 0.0, 0.0, 0.0, 0.0, 0.0, 0.0, 0.0, 0.0, 0.0, 0.0, 0.0, 0.0, 0.0, 0.0, 0.0, 0.0, 0.0, 0.0, 0.0, 0.0, 0.0, 0.0, 0.0, 0.0, 0.0, 0.0, 0.0, 0.0, 0.0, 0.0, 0.0]"
Hybrid_RRF,factory reset printer,semantic,medium,0.03276205062866211,0.0,0.0,0.0,0.0,0.0,0.0,0.0,0,0,0.0,"[""TechDocs"", ""TechDocs"", ""TechDocs"", ""TechDocs"", ""TechDocs"", ""TechDocs"", ""TechDocs"", ""TechDocs"", ""TechDocs"", ""TechDocs""]","[0.0, 0.0, 0.0, 0.0, 0.0, 0.0, 0.0, 0.0, 0.0, 0.0, 0.0, 0.0, 0.0, 0.0, 0.0, 0.0, 0.0, 0.0, 0.0, 0.0, 0.0, 0.0, 0.0, 0.0, 0.0, 0.0, 0.0, 0.0, 0.0, 0.0, 0.0, 0.0, 0.0, 0.0, 0.0, 0.0, 0.0, 0.0, 0.0, 0.0, 0.0, 0.0, 0.0, 0.0, 0.0, 0.0, 0.0, 0.0, 0.0, 0.0]"
Hybrid_RRF,check ink level,keyword,easy,0.03917694091796875,0.43795620437956206,0.34141715214740553,1.0,0.3333333333333333,0.3333333333333333,0.2,0.1,0.25,0.15384615384615383,1.0,"[""TechDocs"", ""TechDocs"", ""TechDocs"", ""TechDocs"", ""TechDocs"", ""TechDocs"", ""TechDocs"", ""TechDocs"", ""TechDocs"", ""TechDocs""]","[1.0, 0.0, 0.0, 0.0, 0.0, 0.0, 0.0, 0.0, 0.0, 0.0, 0.0, 0.0, 0.0, 0.0, 0.0, 0.0, 0.0, 0.0, 0.0, 0.0, 0.0, 0.0, 0.0, 0.0, 0.0, 0.0, 0.0, 0.0, 0.0, 0.0, 0.0, 0.0, 0.0, 0.0, 0.0, 0.0, 0.0, 0.0, 0.0, 0.0, 0.0, 0.0, 0.0, 0.0, 0.0, 0.0, 0.0, 0.0, 0.0, 0.0]"
Hybrid_RRF,duplex printing setup,semantic,medium,0.034699201583862305,0.0,0.0,0.0,0.0,0.0,0.0,0.0,0,0,0.0,"[""TechDocs"", ""TechDocs"", ""TechDocs"", ""Academic"", ""TechDocs"", ""TechDocs"", ""TechDocs"", ""TechDocs"", ""TechDocs"", ""TechDocs""]","[0.0, 0.0, 0.0, 0.0, 0.0, 0.0, 0.0, 0.0, 0.0, 0.0, 0.0, 0.0, 0.0, 0.0, 0.0, 0.0, 0.0, 0.0, 0.0, 0.0, 0.0, 0.0, 0.0, 0.0, 0.0, 0.0, 0.0, 0.0, 0.0, 0.0, 0.0, 0.0, 0.0, 0.0, 0.0, 0.0, 0.0, 0.0, 0.0, 0.0, 0.0, 0.0, 0.0, 0.0, 0.0, 0.0, 0.0, 0.0, 0.0, 0.0]"
Hybrid_RRF,scan document to USB drive,semantic,medium,0.032837629318237305,0.43795620437956206,0.34141715214740553,1.0,0.3333333333333333,0.3333333333333333,0.2,0.1,0.25,0.15384615384615383,1.0,"[""TechDocs"", ""TechDocs"", ""TechDocs"", ""TechDocs"", ""TechDocs"", ""TechDocs"", ""TechDocs"", ""TechDocs"", ""Other"", ""TechDocs""]","[1.0, 0.0, 0.0, 0.0, 0.0, 0.0, 0.0, 0.0, 0.0, 0.0, 0.0, 0.0, 0.0, 0.0, 0.0, 0.0, 0.0, 0.0, 0.0, 0.0, 0.0, 0.0, 0.0, 0.0, 0.0, 0.0, 0.0, 0.0, 0.0, 0.0, 0.0, 0.0, 0.0, 0.0, 0.0, 0.0, 0.0, 0.0, 0.0, 0.0, 0.0, 0.0, 0.0, 0.0, 0.0, 0.0, 0.0, 0.0, 0.0, 0.0]"
Hybrid_RRF,maintenance schedule,keyword,medium,0.021220922470092773,0.43795620437956206,0.34141715214740553,1.0,0.3333333333333333,0.3333333333333333,0.2,0.1,0.25,0.15384615384615383,2.0,"[""TechDocs"", ""Other"", ""Other"", ""Other"", ""Game"", ""TechDocs"", ""Other"", ""Financial"", ""TechDocs"", ""TechDocs""]","[1.0, 0.0, 0.0, 0.0, 0.0, 0.0, 0.0, 0.0, 0.0, 0.0, 0.0, 0.0, 0.0, 0.0, 0.0, 0.0, 0.0, 0.0, 0.0, 0.0, 0.0, 0.0, 0.0, 0.0, 0.0, 0.0, 0.0, 0.0, 0.0, 0.0, 0.0, 0.0, 0.0, 0.0, 0.0, 0.0, 0.0, 0.0, 0.0, 0.0, 0.0, 0.0, 0.0, 0.0, 0.0, 1.0, 0.0, 0.0, 0.0, 0.0]"
Hybrid_RRF,energy saving mode,keyword,easy,0.024765968322753906,0.6569343065693432,0.5121257282211082,1.0,0.6666666666666666,0.6666666666666666,0.4,0.2,0.5,0.30769230769230765,3.0,"[""TechDocs"", ""TechDocs"", ""Other"", ""Other"", ""TechDocs"", ""TechDocs"", ""TechDocs"", ""TechDocs"", ""Other"", ""TechDocs""]","[1.0, 1.0, 0.0, 0.0, 0.0, 0.0, 0.0, 0.0, 0.0, 0.0, 1.0, 0.0, 0.0, 0.0, 0.0, 0.0, 0.0, 0.0, 0.0, 0.0, 0.0, 0.0, 0.0, 0.0, 0.0, 0.0, 0.0, 0.0, 0.0, 0.0, 0.0, 0.0, 0.0, 0.0, 0.0, 0.0, 0.0, 0.0, 0.0, 0.0, 0.0, 0.0, 0.0, 0.0, 0.0, 0.0, 0.0, 0.0, 0.0, 0.0]"
Hybrid_RRF,change paper size,keyword,easy,0.021973609924316406,0.43795620437956206,0.38409429616583124,1.0,0.3333333333333333,0.6666666666666666,0.2,0.2,0.25,0.30769230769230765,2.0,"[""TechDocs"", ""TechDocs"", ""TechDocs"", ""TechDocs"", ""TechDocs"", ""TechDocs"", ""TechDocs"", ""TechDocs"", ""TechDocs"", ""TechDocs""]","[1.0, 0.0, 0.0, 0.0, 0.0, 0.0, 0.0, 1.0, 0.0, 0.0, 0.0, 0.0, 0.0, 0.0, 0.0, 0.0, 0.0, 0.0, 0.0, 0.0, 0.0, 0.0, 0.0, 0.0, 0.0, 0.0, 0.0, 0.0, 0.0, 0.0, 0.0, 0.0, 0.0, 0.0, 0.0, 0.0, 0.0, 0.0, 0.0, 0.0, 0.0, 0.0, 0.0, 0.0, 0.0, 0.0, 0.0, 0.0, 0.0, 0.0]"
Hybrid_RRF,how to install printer driver,semantic,medium,0.03236103057861328,0.0,0.0,0.0,0.0,0.0,0.0,0.0,0,0,0.0,"[""TechDocs"", ""TechDocs"", ""TechDocs"", ""TechDocs"", ""TechDocs"", ""TechDocs"", ""TechDocs"", ""TechDocs"", ""TechDocs"", ""TechDocs""]","[0.0, 0.0, 0.0, 0.0, 0.0, 0.0, 0.0, 0.0, 0.0, 0.0, 0.0, 0.0, 0.0, 0.0, 0.0, 0.0, 0.0, 0.0, 0.0, 0.0, 0.0, 0.0, 0.0, 0.0, 0.0, 0.0, 0.0, 0.0, 0.0, 0.0, 0.0, 0.0, 0.0, 0.0, 0.0, 0.0, 0.0, 0.0, 0.0, 0.0, 0.0, 0.0, 0.0, 0.0, 0.0, 0.0, 0.0, 0.0, 0.0, 0.0]"
Hybrid_RRF,wireless connection setup,semantic,medium,0.03142952919006348,0.36496350364963503,0.32719143747459695,0.5,0.6666666666666666,1.0,0.4,0.3,0.5,0.4615384615384615,3.0,"[""TechDocs"", ""TechDocs"", ""TechDocs"", ""TechDocs"", ""TechDocs"", ""TechDocs"", ""TechDocs"", ""TechDocs"", ""TechDocs"", ""TechDocs""]","[0.0, 1.0, 1.0, 0.0, 0.0, 0.0, 0.0, 1.0, 0.0, 0.0, 0.0, 0.0, 0.0, 0.0, 0.0, 0.0, 0.0, 0.0, 0.0, 0.0, 0.0, 0.0, 0.0, 0.0, 0.0, 0.0, 0.0, 0.0, 0.0, 0.0, 0.0, 0.0, 0.0, 0.0, 0.0, 0.0, 0.0, 0.0, 0.0, 0.0, 0.0, 0.0, 0.0, 0.0, 0.0, 0.0, 0.0, 0.0, 0.0, 0.0]"
Hybrid_RRF,how to scan multiple pages,semantic,medium,0.035024404525756836,0.0,0.0,0.0,0.0,0.0,0.0,0.0,0,0,0.0,"[""TechDocs"", ""Game"", ""Game"", ""Game"", ""Game"", ""TechDocs"", ""TechDocs"", ""Game"", ""Game"", ""TechDocs""]","[0.0, 0.0, 0.0, 0.0, 0.0, 0.0, 0.0, 0.0, 0.0, 0.0, 0.0, 0.0, 0.0, 0.0, 0.0, 0.0, 0.0, 0.0, 0.0, 0.0, 0.0, 0.0, 0.0, 0.0, 0.0, 0.0, 0.0, 0.0, 0.0, 0.0, 0.0, 0.0, 0.0, 0.0, 0.0, 0.0, 0.0, 0.0, 0.0, 0.0, 0.0, 0.0, 0.0, 0.0, 0.0, 0.0, 0.0, 0.0, 0.0, 0.0]"
Hybrid_RRF,cancel print job,keyword,easy,0.03532695770263672,0.0,0.0,0.0,0.0,0.0,0.0,0.0,0,0,0.0,"[""TechDocs"", ""TechDocs"", ""TechDocs"", ""TechDocs"", ""TechDocs"", ""TechDocs"", ""TechDocs"", ""Game"", ""TechDocs"", ""TechDocs""]","[0.0, 0.0, 0.0, 0.0, 0.0, 0.0, 0.0, 0.0, 0.0, 0.0, 0.0, 0.0, 0.0, 0.0, 0.0, 0.0, 0.0, 0.0, 0.0, 0.0, 0.0, 0.0, 0.0, 0.0, 0.0, 0.0, 0.0, 0.0, 0.0, 0.0, 0.0, 0.0, 0.0, 0.0, 0.0, 0.0, 0.0, 0.0, 0.0, 0.0, 0.0, 0.0, 0.0, 0.0, 0.0, 0.0, 0.0, 0.0, 0.0, 0.0]"
Hybrid_RRF,network troubleshooting guide,semantic,hard,0.03762483596801758,0.0,0.0,0.02857142857142857,0.0,0.0,0.0,0.0,0,0,1.0,"[""TechDocs"", ""TechDocs"", ""TechDocs"", ""TechDocs"", ""TechDocs"", ""TechDocs"", ""TechDocs"", ""TechDocs"", ""TechDocs"", ""Legal""]","[0.0, 0.0, 0.0, 0.0, 0.0, 0.0, 0.0, 0.0, 0.0, 0.0, 0.0, 0.0, 0.0, 0.0, 0.0, 0.0, 0.0, 0.0, 0.0, 0.0, 0.0, 0.0, 0.0, 0.0, 0.0, 0.0, 0.0, 0.0, 0.0, 0.0, 0.0, 0.0, 0.0, 0.0, 1.0, 0.0, 0.0, 0.0, 0.0, 0.0, 0.0, 0.0, 0.0, 0.0, 0.0, 0.0, 0.0, 0.0, 0.0, 0.0]"
Hybrid_RRF,recommended paper types,keyword,easy,0.03799295425415039,0.0,0.04877387887820079,0.14285714285714285,0.0,0.3333333333333333,0.0,0.1,0,0.15384615384615383,1.0,"[""TechDocs"", ""TechDocs"", ""TechDocs"", ""TechDocs"", ""TechDocs"", ""TechDocs"", ""TechDocs"", ""TechDocs"", ""TechDocs"", ""TechDocs""]","[0.0, 0.0, 0.0, 0.0, 0.0, 0.0, 1.0, 0.0, 0.0, 0.0, 0.0, 0.0, 0.0, 0.0, 0.0, 0.0, 0.0, 0.0, 0.0, 0.0, 0.0, 0.0, 0.0, 0.0, 0.0, 0.0, 0.0, 0.0, 0.0, 0.0, 0.0, 0.0, 0.0, 0.0, 0.0, 0.0, 0.0, 0.0, 0.0, 0.0, 0.0, 0.0, 0.0, 0.0, 0.0, 0.0, 0.0, 0.0, 0.0, 0.0]"
Hybrid_RRF,default settings,keyword,easy,0.025615453720092773,0.4525547445255474,0.35279772388565234,0.5,1.0,1.0,0.6,0.3,0.7499999999999999,0.4615384615384615,4.0,"[""TechDocs"", ""TechDocs"", ""TechDocs"", ""TechDocs"", ""TechDocs"", ""TechDocs"", ""TechDocs"", ""TechDocs"", ""TechDocs"", ""Financial""]","[0.0, 1.0, 1.0, 0.0, 1.0, 0.0, 0.0, 0.0, 0.0, 0.0, 0.0, 0.0, 0.0, 0.0, 0.0, 0.0, 0.0, 0.0, 0.0, 0.0, 0.0, 0.0, 0.0, 0.0, 0.0, 0.0, 0.0, 0.0, 1.0, 0.0, 0.0, 0.0, 0.0, 0.0, 0.0, 0.0, 0.0, 0.0, 0.0, 0.0, 0.0, 0.0, 0.0, 0.0, 0.0, 0.0, 0.0, 0.0, 0.0, 0.0]"
Hybrid_RRF,how to use automatic document feeder,semantic,medium,0.03950786590576172,0.0,0.0,0.0,0.0,0.0,0.0,0.0,0,0,0.0,"[""TechDocs"", ""TechDocs"", ""TechDocs"", ""TechDocs"", ""TechDocs"", ""TechDocs"", ""TechDocs"", ""TechDocs"", ""TechDocs"", ""TechDocs""]","[0.0, 0.0, 0.0, 0.0, 0.0, 0.0, 0.0, 0.0, 0.0, 0.0, 0.0, 0.0, 0.0, 0.0, 0.0, 0.0, 0.0, 0.0, 0.0, 0.0, 0.0, 0.0, 0.0, 0.0, 0.0, 0.0, 0.0, 0.0, 0.0, 0.0, 0.0, 0.0, 0.0, 0.0, 0.0, 0.0, 0.0, 0.0, 0.0, 0.0, 0.0, 0.0, 0.0, 0.0, 0.0, 0.0, 0.0, 0.0, 0.0, 0.0]"
Hybrid_RRF,adjust print density,semantic,medium,0.028841018676757812,0.0,0.0,0.020833333333333332,0.0,0.0,0.0,0.0,0,0,1.0,"[""TechDocs"", ""TechDocs"", ""TechDocs"", ""TechDocs"", ""TechDocs"", ""TechDocs"", ""TechDocs"", ""Healthcare"", ""TechDocs"", ""TechDocs""]","[0.0, 0.0, 0.0, 0.0, 0.0, 0.0, 0.0, 0.0, 0.0, 0.0, 0.0, 0.0, 0.0, 0.0, 0.0, 0.0, 0.0, 0.0, 0.0, 0.0, 0.0, 0.0, 0.0, 0.0, 0.0, 0.0, 0.0, 0.0, 0.0, 0.0, 0.0, 0.0, 0.0, 0.0, 0.0, 0.0, 0.0, 0.0, 0.0, 0.0, 0.0, 0.0, 0.0, 0.0, 0.0, 0.0, 0.0, 1.0, 0.0, 0.0]"
Hybrid_RRF,firmware upgrade instructions,semantic,medium,0.024082660675048828,0.0,0.0,0.09090909090909091,0.0,0.0,0.0,0.0,0,0,2.0,"[""TechDocs"", ""TechDocs"", ""TechDocs"", ""TechDocs"", ""TechDocs"", ""Game"", ""TechDocs"", ""Other"", ""TechDocs"", ""Other""]","[0.0, 0.0, 0.0, 0.0, 0.0, 0.0, 0.0, 0.0, 0.0, 0.0, 1.0, 0.0, 0.0, 0.0, 0.0, 0.0, 0.0, 0.0, 0.0, 0.0, 0.0, 0.0, 1.0, 0.0, 0.0, 0.0, 0.0, 0.0, 0.0, 0.0, 0.0, 0.0, 0.0, 0.0, 0.0, 0.0, 0.0, 0.0, 0.0, 0.0, 0.0, 0.0, 0.0, 0.0, 0.0, 0.0, 0.0, 0.0, 0.0, 0.0]"
Hybrid_RRF,set up scan to network folder,semantic,hard,0.02843308448791504,0.0,0.0,0.038461538461538464,0.0,0.0,0.0,0.0,0,0,2.0,"[""TechDocs"", ""TechDocs"", ""TechDocs"", ""TechDocs"", ""TechDocs"", ""TechDocs"", ""TechDocs"", ""TechDocs"", ""TechDocs"", ""TechDocs""]","[0.0, 0.0, 0.0, 0.0, 0.0, 0.0, 0.0, 0.0, 0.0, 0.0, 0.0, 0.0, 0.0, 0.0, 0.0, 0.0, 0.0, 0.0, 0.0, 0.0, 0.0, 0.0, 0.0, 0.0, 0.0, 1.0, 0.0, 0.0, 0.0, 0.0, 0.0, 0.0, 0.0, 0.0, 0.0, 0.0, 0.0, 0.0, 0.0, 0.0, 0.0, 0.0, 0.0, 0.0, 0.0, 0.0, 0.0, 0.0, 0.0, 1.0]"
Hybrid_RRF,setup email notification,semantic,hard,0.026261329650878906,0.0,0.0,0.0,0.0,0.0,0.0,0.0,0,0,0.0,"[""Financial"", ""Other"", ""TechDocs"", ""Academic"", ""TechDocs"", ""Other"", ""TechDocs"", ""Game"", ""TechDocs"", ""TechDocs""]","[0.0, 0.0, 0.0, 0.0, 0.0, 0.0, 0.0, 0.0, 0.0, 0.0, 0.0, 0.0, 0.0, 0.0, 0.0, 0.0, 0.0, 0.0, 0.0, 0.0, 0.0, 0.0, 0.0, 0.0, 0.0, 0.0, 0.0, 0.0, 0.0, 0.0, 0.0, 0.0, 0.0, 0.0, 0.0, 0.0, 0.0, 0.0, 0.0, 0.0, 0.0, 0.0, 0.0, 0.0, 0.0, 0.0, 0.0, 0.0, 0.0, 0.0]"
Hybrid_RRF,how to copy documents,semantic,easy,0.022632598876953125,0.0,0.0,0.0,0.0,0.0,0.0,0.0,0,0,0.0,"[""TechDocs"", ""TechDocs"", ""TechDocs"", ""TechDocs"", ""TechDocs"", ""Other"", ""TechDocs"", ""TechDocs"", ""Other"", ""TechDocs""]","[0.0, 0.0, 0.0, 0.0, 0.0, 0.0, 0.0, 0.0, 0.0, 0.0, 0.0, 0.0, 0.0, 0.0, 0.0, 0.0, 0.0, 0.0, 0.0, 0.0, 0.0, 0.0, 0.0, 0.0, 0.0, 0.0, 0.0, 0.0, 0.0, 0.0, 0.0, 0.0, 0.0, 0.0, 0.0, 0.0, 0.0, 0.0, 0.0, 0.0, 0.0, 0.0, 0.0, 0.0, 0.0, 0.0, 0.0, 0.0, 0.0, 0.0]"
Hybrid_RRF,paper tray adjustment,keyword,easy,0.025613069534301758,0.0,0.12559273811136704,0.14285714285714285,0.0,1.0,0.0,0.3,0,0.4615384615384615,6.0,"[""TechDocs"", ""TechDocs"", ""TechDocs"", ""TechDocs"", ""TechDocs"", ""TechDocs"", ""TechDocs"", ""TechDocs"", ""TechDocs"", ""TechDocs""]","[0.0, 0.0, 0.0, 0.0, 0.0, 0.0, 1.0, 1.0, 0.0, 1.0, 0.0, 0.0, 0.0, 1.0, 0.0, 1.0, 0.0, 0.0, 0.0, 0.0, 0.0, 0.0, 0.0, 0.0, 0.0, 0.0, 0.0, 0.0, 0.0, 0.0, 0.0, 0.0, 0.0, 0.0, 0.0, 0.0, 0.0, 0.0, 0.0, 0.0, 1.0, 0.0, 0.0, 0.0, 0.0, 0.0, 0.0, 0.0, 0.0, 0.0]"
Hybrid_RRF,print quality improvement,semantic,medium,0.03465914726257324,0.8029197080291971,0.6259314456035767,1.0,1.0,1.0,0.6,0.3,0.7499999999999999,0.4615384615384615,3.0,"[""TechDocs"", ""TechDocs"", ""TechDocs"", ""TechDocs"", ""TechDocs"", ""TechDocs"", ""TechDocs"", ""TechDocs"", ""TechDocs"", ""TechDocs""]","[1.0, 1.0, 1.0, 0.0, 0.0, 0.0, 0.0, 0.0, 0.0, 0.0, 0.0, 0.0, 0.0, 0.0, 0.0, 0.0, 0.0, 0.0, 0.0, 0.0, 0.0, 0.0, 0.0, 0.0, 0.0, 0.0, 0.0, 0.0, 0.0, 0.0, 0.0, 0.0, 0.0, 0.0, 0.0, 0.0, 0.0, 0.0, 0.0, 0.0, 0.0, 0.0, 0.0, 0.0, 0.0, 0.0, 0.0, 0.0, 0.0, 0.0]"
Hybrid_RRF,network configuration examples,semantic,hard,0.03646588325500488,0.6569343065693432,0.5462674434358489,1.0,0.6666666666666666,1.0,0.4,0.3,0.5,0.4615384615384615,3.0,"[""TechDocs"", ""TechDocs"", ""Legal"", ""Legal"", ""TechDocs"", ""Academic"", ""TechDocs"", ""TechDocs"", ""TechDocs"", ""TechDocs""]","[1.0, 1.0, 0.0, 0.0, 0.0, 0.0, 0.0, 0.0, 0.0, 1.0, 0.0, 0.0, 0.0, 0.0, 0.0, 0.0, 0.0, 0.0, 0.0, 0.0, 0.0, 0.0, 0.0, 0.0, 0.0, 0.0, 0.0, 0.0, 0.0, 0.0, 0.0, 0.0, 0.0, 0.0, 0.0, 0.0, 0.0, 0.0, 0.0, 0.0, 0.0, 0.0, 0.0, 0.0, 0.0, 0.0, 0.0, 0.0, 0.0, 0.0]"
Hybrid_RRF,how to replace ink cartridges,keyword,easy,0.03560376167297363,0.0,0.0,0.0,0.0,0.0,0.0,0.0,0,0,0.0,"[""TechDocs"", ""TechDocs"", ""TechDocs"", ""TechDocs"", ""TechDocs"", ""TechDocs"", ""TechDocs"", ""TechDocs"", ""TechDocs"", ""TechDocs""]","[0.0, 0.0, 0.0, 0.0, 0.0, 0.0, 0.0, 0.0, 0.0, 0.0, 0.0, 0.0, 0.0, 0.0, 0.0, 0.0, 0.0, 0.0, 0.0, 0.0, 0.0, 0.0, 0.0, 0.0, 0.0, 0.0, 0.0, 0.0, 0.0, 0.0, 0.0, 0.0, 0.0, 0.0, 0.0, 0.0, 0.0, 0.0, 0.0, 0.0, 0.0, 0.0, 0.0, 0.0, 0.0, 0.0, 0.0, 0.0, 0.0, 0.0]"
Hybrid_RRF,scan resolution settings,semantic,medium,0.03263092041015625,0.0,0.0,0.045454545454545456,0.0,0.0,0.0,0.0,0,0,1.0,"[""TechDocs"", ""TechDocs"", ""TechDocs"", ""TechDocs"", ""TechDocs"", ""TechDocs"", ""TechDocs"", ""TechDocs"", ""TechDocs"", ""TechDocs""]","[0.0, 0.0, 0.0, 0.0, 0.0, 0.0, 0.0, 0.0, 0.0, 0.0, 0.0, 0.0, 0.0, 0.0, 0.0, 0.0, 0.0, 0.0, 0.0, 0.0, 0.0, 1.0, 0.0, 0.0, 0.0, 0.0, 0.0, 0.0, 0.0, 0.0, 0.0, 0.0, 0.0, 0.0, 0.0, 0.0, 0.0, 0.0, 0.0, 0.0, 0.0, 0.0, 0.0, 0.0, 0.0, 0.0, 0.0, 0.0, 0.0, 0.0]"
Hybrid_RRF,printer security settings,semantic,hard,0.03467392921447754,0.0,0.0,0.0,0.0,0.0,0.0,0.0,0,0,0.0,"[""TechDocs"", ""TechDocs"", ""TechDocs"", ""TechDocs"", ""TechDocs"", ""TechDocs"", ""TechDocs"", ""TechDocs"", ""TechDocs"", ""TechDocs""]","[0.0, 0.0, 0.0, 0.0, 0.0, 0.0, 0.0, 0.0, 0.0, 0.0, 0.0, 0.0, 0.0, 0.0, 0.0, 0.0, 0.0, 0.0, 0.0, 0.0, 0.0, 0.0, 0.0, 0.0, 0.0, 0.0, 0.0, 0.0, 0.0, 0.0, 0.0, 0.0, 0.0, 0.0, 0.0, 0.0, 0.0, 0.0, 0.0, 0.0, 0.0, 0.0, 0.0, 0.0, 0.0, 0.0, 0.0, 0.0, 0.0, 0.0]"
Hybrid_RRF,how to share printer on network,semantic,medium,0.029137134552001953,0.43795620437956206,0.34141715214740553,1.0,0.3333333333333333,0.3333333333333333,0.2,0.1,0.25,0.15384615384615383,1.0,"[""TechDocs"", ""TechDocs"", ""TechDocs"", ""TechDocs"", ""TechDocs"", ""TechDocs"", ""TechDocs"", ""TechDocs"", ""TechDocs"", ""TechDocs""]","[1.0, 0.0, 0.0, 0.0, 0.0, 0.0, 0.0, 0.0, 0.0, 0.0, 0.0, 0.0, 0.0, 0.0, 0.0, 0.0, 0.0, 0.0, 0.0, 0.0, 0.0, 0.0, 0.0, 0.0, 0.0, 0.0, 0.0, 0.0, 0.0, 0.0, 0.0, 0.0, 0.0, 0.0, 0.0, 0.0, 0.0, 0.0, 0.0, 0.0, 0.0, 0.0, 0.0, 0.0, 0.0, 0.0, 0.0, 0.0, 0.0, 0.0]"
Hybrid_RRF,paper handling tips,keyword,easy,0.02960371971130371,0.5474452554744526,0.4267714401842569,1.0,0.6666666666666666,0.6666666666666666,0.4,0.2,0.5,0.30769230769230765,2.0,"[""TechDocs"", ""TechDocs"", ""TechDocs"", ""TechDocs"", ""TechDocs"", ""TechDocs"", ""TechDocs"", ""TechDocs"", ""TechDocs"", ""TechDocs""]","[1.0, 0.0, 0.0, 1.0, 0.0, 0.0, 0.0, 0.0, 0.0, 0.0, 0.0, 0.0, 0.0, 0.0, 0.0, 0.0, 0.0, 0.0, 0.0, 0.0, 0.0, 0.0, 0.0, 0.0, 0.0, 0.0, 0.0, 0.0, 0.0, 0.0, 0.0, 0.0, 0.0, 0.0, 0.0, 0.0, 0.0, 0.0, 0.0, 0.0, 0.0, 0.0, 0.0, 0.0, 0.0, 0.0, 0.0, 0.0, 0.0, 0.0]"
Hybrid_RRF,troubleshoot connection issues,semantic,hard,0.028328418731689453,0.21897810218978103,0.17070857607370277,0.5,0.3333333333333333,0.3333333333333333,0.2,0.1,0.25,0.15384615384615383,2.0,"[""TechDocs"", ""TechDocs"", ""TechDocs"", ""TechDocs"", ""Other"", ""TechDocs"", ""TechDocs"", ""TechDocs"", ""TechDocs"", ""TechDocs""]","[0.0, 1.0, 0.0, 0.0, 0.0, 0.0, 0.0, 0.0, 0.0, 0.0, 0.0, 0.0, 0.0, 0.0, 0.0, 0.0, 0.0, 0.0, 0.0, 0.0, 0.0, 0.0, 0.0, 0.0, 0.0, 0.0, 0.0, 0.0, 0.0, 0.0, 0.0, 0.0, 0.0, 0.0, 0.0, 0.0, 0.0, 0.0, 0.0, 0.0, 0.0, 1.0, 0.0, 0.0, 0.0, 0.0, 0.0, 0.0, 0.0, 0.0]"
Hybrid_RRF,how to save scan to computer,semantic,medium,0.023070573806762695,0.0,0.0,0.0,0.0,0.0,0.0,0.0,0,0,0.0,"[""TechDocs"", ""TechDocs"", ""TechDocs"", ""TechDocs"", ""TechDocs"", ""TechDocs"", ""TechDocs"", ""TechDocs"", ""TechDocs"", ""TechDocs""]","[0.0, 0.0, 0.0, 0.0, 0.0, 0.0, 0.0, 0.0, 0.0, 0.0, 0.0, 0.0, 0.0, 0.0, 0.0, 0.0, 0.0, 0.0, 0.0, 0.0, 0.0, 0.0, 0.0, 0.0, 0.0, 0.0, 0.0, 0.0, 0.0, 0.0, 0.0, 0.0, 0.0, 0.0, 0.0, 0.0, 0.0, 0.0, 0.0, 0.0, 0.0, 0.0, 0.0, 0.0, 0.0, 0.0, 0.0, 0.0, 0.0, 0.0]"
Hybrid_RRF,printing preferences,keyword,easy,0.021701574325561523,0.0,0.0,0.0,0.0,0.0,0.0,0.0,0,0,0.0,"[""TechDocs"", ""TechDocs"", ""TechDocs"", ""TechDocs"", ""TechDocs"", ""TechDocs"", ""TechDocs"", ""TechDocs"", ""TechDocs"", ""TechDocs""]","[0.0, 0.0, 0.0, 0.0, 0.0, 0.0, 0.0, 0.0, 0.0, 0.0, 0.0, 0.0, 0.0, 0.0, 0.0, 0.0, 0.0, 0.0, 0.0, 0.0, 0.0, 0.0, 0.0, 0.0, 0.0, 0.0, 0.0, 0.0, 0.0, 0.0, 0.0, 0.0, 0.0, 0.0, 0.0, 0.0, 0.0, 0.0, 0.0, 0.0, 0.0, 0.0, 0.0, 0.0, 0.0, 0.0, 0.0, 0.0, 0.0, 0.0]"
Hybrid_RRF,scan to cloud storage,semantic,hard,0.02564263343811035,0.0,0.0,0.0,0.0,0.0,0.0,0.0,0,0,0.0,"[""TechDocs"", ""TechDocs"", ""Other"", ""Game"", ""TechDocs"", ""TechDocs"", ""TechDocs"", ""Other"", ""TechDocs"", ""TechDocs""]","[0.0, 0.0, 0.0, 0.0, 0.0, 0.0, 0.0, 0.0, 0.0, 0.0, 0.0, 0.0, 0.0, 0.0, 0.0, 0.0, 0.0, 0.0, 0.0, 0.0, 0.0, 0.0, 0.0, 0.0, 0.0, 0.0, 0.0, 0.0, 0.0, 0.0, 0.0, 0.0, 0.0, 0.0, 0.0, 0.0, 0.0, 0.0, 0.0, 0.0, 0.0, 0.0, 0.0, 0.0, 0.0, 0.0, 0.0, 0.0, 0.0, 0.0]"
Hybrid_RRF,how to check printer status,keyword,easy,0.03048110008239746,0.5255474452554745,0.40970058257688663,1.0,0.6666666666666666,0.6666666666666666,0.4,0.2,0.5,0.30769230769230765,2.0,"[""TechDocs"", ""TechDocs"", ""TechDocs"", ""TechDocs"", ""TechDocs"", ""TechDocs"", ""TechDocs"", ""TechDocs"", ""TechDocs"", ""TechDocs""]","[1.0, 0.0, 0.0, 0.0, 1.0, 0.0, 0.0, 0.0, 0.0, 0.0, 0.0, 0.0, 0.0, 0.0, 0.0, 0.0, 0.0, 0.0, 0.0, 0.0, 0.0, 0.0, 0.0, 0.0, 0.0, 0.0, 0.0, 0.0, 0.0, 0.0, 0.0, 0.0, 0.0, 0.0, 0.0, 0.0, 0.0, 0.0, 0.0, 0.0, 0.0, 0.0, 0.0, 0.0, 0.0, 0.0, 0.0, 0.0, 0.0, 0.0]"
Hybrid_RRF,network printer setup,semantic,medium,0.03616690635681152,0.0,0.0,0.0,0.0,0.0,0.0,0.0,0,0,0.0,"[""TechDocs"", ""TechDocs"", ""TechDocs"", ""TechDocs"", ""TechDocs"", ""TechDocs"", ""TechDocs"", ""TechDocs"", ""TechDocs"", ""TechDocs""]","[0.0, 0.0, 0.0, 0.0, 0.0, 0.0, 0.0, 0.0, 0.0, 0.0, 0.0, 0.0, 0.0, 0.0, 0.0, 0.0, 0.0, 0.0, 0.0, 0.0, 0.0, 0.0, 0.0, 0.0, 0.0, 0.0, 0.0, 0.0, 0.0, 0.0, 0.0, 0.0, 0.0, 0.0, 0.0, 0.0, 0.0, 0.0, 0.0, 0.0, 0.0, 0.0, 0.0, 0.0, 0.0, 0.0, 0.0, 0.0, 0.0, 0.0]"
Hybrid_RRF,color calibration,semantic,hard,0.0228884220123291,0.0,0.0379352391274895,0.1111111111111111,0.0,0.3333333333333333,0.0,0.1,0,0.15384615384615383,1.0,"[""TechDocs"", ""Other"", ""Academic"", ""Academic"", ""Game"", ""Other"", ""Academic"", ""Other"", ""Other"", ""TechDocs""]","[0.0, 0.0, 0.0, 0.0, 0.0, 0.0, 0.0, 0.0, 1.0, 0.0, 0.0, 0.0, 0.0, 0.0, 0.0, 0.0, 0.0, 0.0, 0.0, 0.0, 0.0, 0.0, 0.0, 0.0, 0.0, 0.0, 0.0, 0.0, 0.0, 0.0, 0.0, 0.0, 0.0, 0.0, 0.0, 0.0, 0.0, 0.0, 0.0, 0.0, 0.0, 0.0, 0.0, 0.0, 0.0, 0.0, 0.0, 0.0, 0.0, 0.0]"
Hybrid_RRF,how to load paper,keyword,easy,0.02042555809020996,0.8905109489051095,0.6942148760330579,1.0,1.3333333333333333,1.3333333333333333,0.8,0.4,1.0,0.6153846153846153,6.0,"[""TechDocs"", ""TechDocs"", ""TechDocs"", ""TechDocs"", ""TechDocs"", ""TechDocs"", ""TechDocs"", ""TechDocs"", ""TechDocs"", ""TechDocs""]","[1.0, 1.0, 1.0, 0.0, 1.0, 0.0, 0.0, 0.0, 0.0, 0.0, 0.0, 1.0, 0.0, 0.0, 0.0, 0.0, 0.0, 0.0, 0.0, 0.0, 0.0, 0.0, 0.0, 0.0, 0.0, 0.0, 0.0, 0.0, 0.0, 0.0, 0.0, 0.0, 0.0, 0.0, 0.0, 0.0, 0.0, 1.0, 0.0, 0.0, 0.0, 0.0, 0.0, 0.0, 0.0, 0.0, 0.0, 0.0, 0.0, 0.0]"
Hybrid_RRF,print job queue management,semantic,medium,0.02368307113647461,0.0,0.0,0.0,0.0,0.0,0.0,0.0,0,0,0.0,"[""TechDocs"", ""Financial"", ""TechDocs"", ""TechDocs"", ""TechDocs"", ""TechDocs"", ""TechDocs"", ""TechDocs"", ""TechDocs"", ""TechDocs""]","[0.0, 0.0, 0.0, 0.0, 0.0, 0.0, 0.0, 0.0, 0.0, 0.0, 0.0, 0.0, 0.0, 0.0, 0.0, 0.0, 0.0, 0.0, 0.0, 0.0, 0.0, 0.0, 0.0, 0.0, 0.0, 0.0, 0.0, 0.0, 0.0, 0.0, 0.0, 0.0, 0.0, 0.0, 0.0, 0.0, 0.0, 0.0, 0.0, 0.0, 0.0, 0.0, 0.0, 0.0, 0.0, 0.0, 0.0, 0.0, 0.0, 0.0]"
Hybrid_RRF,advanced network settings,semantic,hard,0.024295330047607422,0.0,0.0,0.07692307692307693,0.0,0.0,0.0,0.0,0,0,2.0,"[""TechDocs"", ""TechDocs"", ""TechDocs"", ""TechDocs"", ""TechDocs"", ""TechDocs"", ""TechDocs"", ""TechDocs"", ""TechDocs"", ""TechDocs""]","[0.0, 0.0, 0.0, 0.0, 0.0, 0.0, 0.0, 0.0, 0.0, 0.0, 0.0, 0.0, 1.0, 0.0, 0.0, 0.0, 0.0, 0.0, 0.0, 0.0, 0.0, 0.0, 1.0, 0.0, 0.0, 0.0, 0.0, 0.0, 0.0, 0.0, 0.0, 0.0, 0.0, 0.0, 0.0, 0.0, 0.0, 0.0, 0.0, 0.0, 0.0, 0.0, 0.0, 0.0, 0.0, 0.0, 0.0, 0.0, 0.0, 0.0]"
Hybrid_RRF,how to clean scanner glass,keyword,easy,0.022984027862548828,0.21897810218978103,0.17070857607370277,0.5,0.3333333333333333,0.3333333333333333,0.2,0.1,0.25,0.15384615384615383,1.0,"[""TechDocs"", ""TechDocs"", ""TechDocs"", ""TechDocs"", ""TechDocs"", ""TechDocs"", ""TechDocs"", ""TechDocs"", ""TechDocs"", ""TechDocs""]","[0.0, 1.0, 0.0, 0.0, 0.0, 0.0, 0.0, 0.0, 0.0, 0.0, 0.0, 0.0, 0.0, 0.0, 0.0, 0.0, 0.0, 0.0, 0.0, 0.0, 0.0, 0.0, 0.0, 0.0, 0.0, 0.0, 0.0, 0.0, 0.0, 0.0, 0.0, 0.0, 0.0, 0.0, 0.0, 0.0, 0.0, 0.0, 0.0, 0.0, 0.0, 0.0, 0.0, 0.0, 0.0, 0.0, 0.0, 0.0, 0.0, 0.0]"
Hybrid_CrossEncoder_L6,paper jam solution,keyword,easy,4.1176745891571045,0.36496350364963503,0.43286817504403197,0.5,0.5,1.25,0.4,0.5,0.4444444444444445,0.7142857142857143,6.0,"[""TechDocs"", ""TechDocs"", ""TechDocs"", ""TechDocs"", ""TechDocs"", ""TechDocs"", ""TechDocs"", ""TechDocs"", ""TechDocs"", ""TechDocs""]","[0.0, 1.0, 1.0, 0.0, 0.0, 1.0, 1.0, 1.0, 0.0, 0.0, 0.0, 0.0, 0.0, 0.0, 1.0, 0.0, 0.0, 0.0, 0.0, 0.0, 0.0, 0.0, 0.0, 0.0, 0.0, 0.0, 0.0, 0.0, 0.0, 0.0, 0.0, 0.0, 0.0, 0.0, 0.0, 0.0, 0.0, 0.0, 0.0, 0.0, 0.0, 0.0, 0.0, 0.0, 0.0, 0.0, 0.0, 0.0, 0.0, 0.0]"
Hybrid_CrossEncoder_L6,how to reset the device,semantic,easy,5.611785173416138,0.0,0.04877387887820079,0.14285714285714285,0.0,0.3333333333333333,0.0,0.1,0,0.15384615384615383,1.0,"[""TechDocs"", ""TechDocs"", ""TechDocs"", ""TechDocs"", ""TechDocs"", ""TechDocs"", ""TechDocs"", ""TechDocs"", ""TechDocs"", ""TechDocs""]","[0.0, 0.0, 0.0, 0.0, 0.0, 0.0, 1.0, 0.0, 0.0, 0.0, 0.0, 0.0, 0.0, 0.0, 0.0, 0.0, 0.0, 0.0, 0.0, 0.0, 0.0, 0.0, 0.0, 0.0, 0.0, 0.0, 0.0, 0.0, 0.0, 0.0, 0.0, 0.0, 0.0, 0.0, 0.0, 0.0, 0.0, 0.0, 0.0, 0.0, 0.0, 0.0, 0.0, 0.0, 0.0, 0.0, 0.0, 0.0, 0.0, 0.0]"
Hybrid_CrossEncoder_L6,scan to email,keyword,easy,6.138030529022217,0.0,0.0,0.0,0.0,0.0,0.0,0.0,0,0,0.0,"[""TechDocs"", ""TechDocs"", ""TechDocs"", ""TechDocs"", ""TechDocs"", ""TechDocs"", ""TechDocs"", ""TechDocs"", ""TechDocs"", ""TechDocs""]","[0.0, 0.0, 0.0, 0.0, 0.0, 0.0, 0.0, 0.0, 0.0, 0.0, 0.0, 0.0, 0.0, 0.0, 0.0, 0.0, 0.0, 0.0, 0.0, 0.0, 0.0, 0.0, 0.0, 0.0, 0.0, 0.0, 0.0, 0.0, 0.0, 0.0, 0.0, 0.0, 0.0, 0.0, 0.0, 0.0, 0.0, 0.0, 0.0, 0.0, 0.0, 0.0, 0.0, 0.0, 0.0, 0.0, 0.0, 0.0, 0.0, 0.0]"
Hybrid_CrossEncoder_L6,replace toner cartridge,keyword,easy,6.917461156845093,0.0,0.0,0.05,0.0,0.0,0.0,0.0,0,0,1.0,"[""TechDocs"", ""TechDocs"", ""TechDocs"", ""TechDocs"", ""TechDocs"", ""TechDocs"", ""TechDocs"", ""TechDocs"", ""TechDocs"", ""TechDocs""]","[0.0, 0.0, 0.0, 0.0, 0.0, 0.0, 0.0, 0.0, 0.0, 0.0, 0.0, 0.0, 0.0, 0.0, 0.0, 0.0, 0.0, 0.0, 0.0, 1.0, 0.0, 0.0, 0.0, 0.0, 0.0, 0.0, 0.0, 0.0, 0.0, 0.0, 0.0, 0.0, 0.0, 0.0, 0.0, 0.0, 0.0, 0.0, 0.0, 0.0, 0.0, 0.0, 0.0, 0.0, 0.0, 0.0, 0.0, 0.0, 0.0, 0.0]"
Hybrid_CrossEncoder_L6,connect printer to wifi network,semantic,medium,4.895243406295776,0.8029197080291971,0.6259314456035767,1.0,1.0,1.0,0.6,0.3,0.7499999999999999,0.4615384615384615,3.0,"[""TechDocs"", ""TechDocs"", ""TechDocs"", ""TechDocs"", ""TechDocs"", ""TechDocs"", ""TechDocs"", ""TechDocs"", ""TechDocs"", ""TechDocs""]","[1.0, 1.0, 1.0, 0.0, 0.0, 0.0, 0.0, 0.0, 0.0, 0.0, 0.0, 0.0, 0.0, 0.0, 0.0, 0.0, 0.0, 0.0, 0.0, 0.0, 0.0, 0.0, 0.0, 0.0, 0.0, 0.0, 0.0, 0.0, 0.0, 0.0, 0.0, 0.0, 0.0, 0.0, 0.0, 0.0, 0.0, 0.0, 0.0, 0.0, 0.0, 0.0, 0.0, 0.0, 0.0, 0.0, 0.0, 0.0, 0.0, 0.0]"
Hybrid_CrossEncoder_L6,software update for printer,semantic,medium,4.876355886459351,0.0,0.0,0.0,0.0,0.0,0.0,0.0,0,0,0.0,"[""TechDocs"", ""TechDocs"", ""TechDocs"", ""TechDocs"", ""TechDocs"", ""TechDocs"", ""TechDocs"", ""TechDocs"", ""TechDocs"", ""TechDocs""]","[0.0, 0.0, 0.0, 0.0, 0.0, 0.0, 0.0, 0.0, 0.0, 0.0, 0.0, 0.0, 0.0, 0.0, 0.0, 0.0, 0.0, 0.0, 0.0, 0.0, 0.0, 0.0, 0.0, 0.0, 0.0, 0.0, 0.0, 0.0, 0.0, 0.0, 0.0, 0.0, 0.0, 0.0, 0.0, 0.0, 0.0, 0.0, 0.0, 0.0, 0.0, 0.0, 0.0, 0.0, 0.0, 0.0, 0.0, 0.0, 0.0, 0.0]"
Hybrid_CrossEncoder_L6,print from mobile phone,semantic,medium,5.1606738567352295,0.0,0.0,0.0,0.0,0.0,0.0,0.0,0,0,0.0,"[""TechDocs"", ""TechDocs"", ""TechDocs"", ""TechDocs"", ""TechDocs"", ""TechDocs"", ""TechDocs"", ""TechDocs"", ""TechDocs"", ""TechDocs""]","[0.0, 0.0, 0.0, 0.0, 0.0, 0.0, 0.0, 0.0, 0.0, 0.0, 0.0, 0.0, 0.0, 0.0, 0.0, 0.0, 0.0, 0.0, 0.0, 0.0, 0.0, 0.0, 0.0, 0.0, 0.0, 0.0, 0.0, 0.0, 0.0, 0.0, 0.0, 0.0, 0.0, 0.0, 0.0, 0.0, 0.0, 0.0, 0.0, 0.0, 0.0, 0.0, 0.0, 0.0, 0.0, 0.0, 0.0, 0.0, 0.0, 0.0]"
Hybrid_CrossEncoder_L6,troubleshoot print quality,semantic,hard,4.914243698120117,0.583941605839416,0.455222869529874,1.0,0.6666666666666666,0.6666666666666666,0.4,0.2,0.5,0.30769230769230765,2.0,"[""TechDocs"", ""TechDocs"", ""TechDocs"", ""TechDocs"", ""TechDocs"", ""TechDocs"", ""TechDocs"", ""TechDocs"", ""TechDocs"", ""TechDocs""]","[1.0, 0.0, 1.0, 0.0, 0.0, 0.0, 0.0, 0.0, 0.0, 0.0, 0.0, 0.0, 0.0, 0.0, 0.0, 0.0, 0.0, 0.0, 0.0, 0.0, 0.0, 0.0, 0.0, 0.0, 0.0, 0.0, 0.0, 0.0, 0.0, 0.0, 0.0, 0.0, 0.0, 0.0, 0.0, 0.0, 0.0, 0.0, 0.0, 0.0, 0.0, 0.0, 0.0, 0.0, 0.0, 0.0, 0.0, 0.0, 0.0, 0.0]"
Hybrid_CrossEncoder_L6,configure network settings,semantic,hard,4.698531866073608,0.2554744525547445,0.19916000541931986,0.3333333333333333,0.6666666666666666,0.6666666666666666,0.4,0.2,0.5,0.30769230769230765,3.0,"[""TechDocs"", ""TechDocs"", ""TechDocs"", ""TechDocs"", ""TechDocs"", ""TechDocs"", ""TechDocs"", ""TechDocs"", ""TechDocs"", ""TechDocs""]","[0.0, 0.0, 1.0, 1.0, 0.0, 0.0, 0.0, 0.0, 0.0, 0.0, 0.0, 0.0, 0.0, 0.0, 0.0, 0.0, 0.0, 0.0, 0.0, 0.0, 0.0, 0.0, 0.0, 0.0, 0.0, 0.0, 0.0, 0.0, 0.0, 0.0, 0.0, 0.0, 0.0, 0.0, 0.0, 0.0, 0.0, 0.0, 0.0, 0.0, 1.0, 0.0, 0.0, 0.0, 0.0, 0.0, 0.0, 0.0, 0.0, 0.0]"
Hybrid_CrossEncoder_L6,send fax to multiple recipients,semantic,hard,4.873471021652222,0.6934306569343066,0.6553312559273812,1.0,1.0,2.0,0.6,0.6,0.7499999999999999,0.923076923076923,8.0,"[""TechDocs"", ""TechDocs"", ""TechDocs"", ""TechDocs"", ""TechDocs"", ""TechDocs"", ""TechDocs"", ""TechDocs"", ""TechDocs"", ""TechDocs""]","[1.0, 0.0, 1.0, 1.0, 0.0, 0.0, 0.0, 1.0, 1.0, 1.0, 0.0, 0.0, 0.0, 0.0, 1.0, 1.0, 0.0, 0.0, 0.0, 0.0, 0.0, 0.0, 0.0, 0.0, 0.0, 0.0, 0.0, 0.0, 0.0, 0.0, 0.0, 0.0, 0.0, 0.0, 0.0, 0.0, 0.0, 0.0, 0.0, 0.0, 0.0, 0.0, 0.0, 0.0, 0.0, 0.0, 0.0, 0.0, 0.0, 0.0]"
Hybrid_CrossEncoder_L6,clean the printhead,semantic,medium,5.509220600128174,0.0,0.0,0.0,0.0,0.0,0.0,0.0,0,0,0.0,"[""TechDocs"", ""TechDocs"", ""TechDocs"", ""TechDocs"", ""TechDocs"", ""TechDocs"", ""TechDocs"", ""TechDocs"", ""TechDocs"", ""TechDocs""]","[0.0, 0.0, 0.0, 0.0, 0.0, 0.0, 0.0, 0.0, 0.0, 0.0, 0.0, 0.0, 0.0, 0.0, 0.0, 0.0, 0.0, 0.0, 0.0, 0.0, 0.0, 0.0, 0.0, 0.0, 0.0, 0.0, 0.0, 0.0, 0.0, 0.0, 0.0, 0.0, 0.0, 0.0, 0.0, 0.0, 0.0, 0.0, 0.0, 0.0, 0.0, 0.0, 0.0, 0.0, 0.0, 0.0, 0.0, 0.0, 0.0, 0.0]"
Hybrid_CrossEncoder_L6,factory reset printer,semantic,medium,4.973829030990601,0.0,0.0,0.0,0.0,0.0,0.0,0.0,0,0,0.0,"[""TechDocs"", ""TechDocs"", ""TechDocs"", ""TechDocs"", ""TechDocs"", ""TechDocs"", ""TechDocs"", ""TechDocs"", ""TechDocs"", ""TechDocs""]","[0.0, 0.0, 0.0, 0.0, 0.0, 0.0, 0.0, 0.0, 0.0, 0.0, 0.0, 0.0, 0.0, 0.0, 0.0, 0.0, 0.0, 0.0, 0.0, 0.0, 0.0, 0.0, 0.0, 0.0, 0.0, 0.0, 0.0, 0.0, 0.0, 0.0, 0.0, 0.0, 0.0, 0.0, 0.0, 0.0, 0.0, 0.0, 0.0, 0.0, 0.0, 0.0, 0.0, 0.0, 0.0, 0.0, 0.0, 0.0, 0.0, 0.0]"
Hybrid_CrossEncoder_L6,check ink level,keyword,easy,5.001397132873535,0.43795620437956206,0.34141715214740553,1.0,0.3333333333333333,0.3333333333333333,0.2,0.1,0.25,0.15384615384615383,1.0,"[""TechDocs"", ""TechDocs"", ""TechDocs"", ""TechDocs"", ""TechDocs"", ""TechDocs"", ""TechDocs"", ""TechDocs"", ""TechDocs"", ""TechDocs""]","[1.0, 0.0, 0.0, 0.0, 0.0, 0.0, 0.0, 0.0, 0.0, 0.0, 0.0, 0.0, 0.0, 0.0, 0.0, 0.0, 0.0, 0.0, 0.0, 0.0, 0.0, 0.0, 0.0, 0.0, 0.0, 0.0, 0.0, 0.0, 0.0, 0.0, 0.0, 0.0, 0.0, 0.0, 0.0, 0.0, 0.0, 0.0, 0.0, 0.0, 0.0, 0.0, 0.0, 0.0, 0.0, 0.0, 0.0, 0.0, 0.0, 0.0]"
Hybrid_CrossEncoder_L6,duplex printing setup,semantic,medium,6.481815814971924,0.0,0.0,0.0,0.0,0.0,0.0,0.0,0,0,0.0,"[""TechDocs"", ""TechDocs"", ""TechDocs"", ""TechDocs"", ""TechDocs"", ""TechDocs"", ""TechDocs"", ""TechDocs"", ""TechDocs"", ""TechDocs""]","[0.0, 0.0, 0.0, 0.0, 0.0, 0.0, 0.0, 0.0, 0.0, 0.0, 0.0, 0.0, 0.0, 0.0, 0.0, 0.0, 0.0, 0.0, 0.0, 0.0, 0.0, 0.0, 0.0, 0.0, 0.0, 0.0, 0.0, 0.0, 0.0, 0.0, 0.0, 0.0, 0.0, 0.0, 0.0, 0.0, 0.0, 0.0, 0.0, 0.0, 0.0, 0.0, 0.0, 0.0, 0.0, 0.0, 0.0, 0.0, 0.0, 0.0]"
Hybrid_CrossEncoder_L6,scan document to USB drive,semantic,medium,5.887470245361328,0.43795620437956206,0.34141715214740553,1.0,0.3333333333333333,0.3333333333333333,0.2,0.1,0.25,0.15384615384615383,2.0,"[""TechDocs"", ""TechDocs"", ""TechDocs"", ""TechDocs"", ""TechDocs"", ""TechDocs"", ""TechDocs"", ""TechDocs"", ""TechDocs"", ""TechDocs""]","[1.0, 0.0, 0.0, 0.0, 0.0, 0.0, 0.0, 0.0, 0.0, 0.0, 0.0, 0.0, 0.0, 0.0, 0.0, 0.0, 0.0, 0.0, 0.0, 0.0, 0.0, 0.0, 0.0, 0.0, 0.0, 0.0, 0.0, 0.0, 0.0, 1.0, 0.0, 0.0, 0.0, 0.0, 0.0, 0.0, 0.0, 0.0, 0.0, 0.0, 0.0, 0.0, 0.0, 0.0, 0.0, 0.0, 0.0, 0.0, 0.0, 0.0]"
Hybrid_CrossEncoder_L6,maintenance schedule,keyword,medium,9.684245109558105,0.08759124087591241,0.06828343042948111,0.2,0.3333333333333333,0.3333333333333333,0.2,0.1,0.25,0.15384615384615383,1.0,"[""Other"", ""TechDocs"", ""Other"", ""Other"", ""TechDocs"", ""Other"", ""Other"", ""Other"", ""Other"", ""Healthcare""]","[0.0, 0.0, 0.0, 0.0, 1.0, 0.0, 0.0, 0.0, 0.0, 0.0, 0.0, 0.0, 0.0, 0.0, 0.0, 0.0, 0.0, 0.0, 0.0, 0.0, 0.0, 0.0, 0.0, 0.0, 0.0, 0.0, 0.0, 0.0, 0.0, 0.0, 0.0, 0.0, 0.0, 0.0, 0.0, 0.0, 0.0, 0.0, 0.0, 0.0, 0.0, 0.0, 0.0, 0.0, 0.0, 0.0, 0.0, 0.0, 0.0, 0.0]"
Hybrid_CrossEncoder_L6,energy saving mode,keyword,easy,6.825713634490967,0.36496350364963503,0.28451429345617124,0.5,0.6666666666666666,0.6666666666666666,0.4,0.2,0.5,0.30769230769230765,5.0,"[""TechDocs"", ""TechDocs"", ""TechDocs"", ""TechDocs"", ""Other"", ""Other"", ""TechDocs"", ""Game"", ""Other"", ""TechDocs""]","[0.0, 1.0, 1.0, 0.0, 0.0, 0.0, 0.0, 0.0, 0.0, 0.0, 0.0, 0.0, 0.0, 0.0, 0.0, 0.0, 0.0, 0.0, 0.0, 0.0, 0.0, 0.0, 0.0, 0.0, 0.0, 0.0, 0.0, 0.0, 0.0, 0.0, 0.0, 0.0, 0.0, 0.0, 0.0, 0.0, 0.0, 0.0, 0.0, 0.0, 1.0, 0.0, 1.0, 0.0, 0.0, 0.0, 0.0, 1.0, 0.0, 0.0]"
Hybrid_CrossEncoder_L6,change paper size,keyword,easy,4.109696388244629,0.5255474452554745,0.40970058257688663,1.0,0.6666666666666666,0.6666666666666666,0.4,0.2,0.5,0.30769230769230765,3.0,"[""TechDocs"", ""TechDocs"", ""TechDocs"", ""TechDocs"", ""TechDocs"", ""TechDocs"", ""TechDocs"", ""TechDocs"", ""TechDocs"", ""TechDocs""]","[1.0, 0.0, 0.0, 0.0, 1.0, 0.0, 0.0, 0.0, 0.0, 0.0, 0.0, 0.0, 0.0, 0.0, 0.0, 0.0, 0.0, 0.0, 0.0, 0.0, 0.0, 0.0, 0.0, 0.0, 0.0, 0.0, 0.0, 0.0, 0.0, 0.0, 0.0, 1.0, 0.0, 0.0, 0.0, 0.0, 0.0, 0.0, 0.0, 0.0, 0.0, 0.0, 0.0, 0.0, 0.0, 0.0, 0.0, 0.0, 0.0, 0.0]"
Hybrid_CrossEncoder_L6,how to install printer driver,semantic,medium,4.914962291717529,0.0,0.0,0.0,0.0,0.0,0.0,0.0,0,0,0.0,"[""TechDocs"", ""TechDocs"", ""TechDocs"", ""TechDocs"", ""TechDocs"", ""TechDocs"", ""TechDocs"", ""TechDocs"", ""TechDocs"", ""TechDocs""]","[0.0, 0.0, 0.0, 0.0, 0.0, 0.0, 0.0, 0.0, 0.0, 0.0, 0.0, 0.0, 0.0, 0.0, 0.0, 0.0, 0.0, 0.0, 0.0, 0.0, 0.0, 0.0, 0.0, 0.0, 0.0, 0.0, 0.0, 0.0, 0.0, 0.0, 0.0, 0.0, 0.0, 0.0, 0.0, 0.0, 0.0, 0.0, 0.0, 0.0, 0.0, 0.0, 0.0, 0.0, 0.0, 0.0, 0.0, 0.0, 0.0, 0.0]"
Hybrid_CrossEncoder_L6,wireless connection setup,semantic,medium,5.744369268417358,0.43795620437956206,0.34141715214740553,1.0,0.3333333333333333,0.3333333333333333,0.2,0.1,0.25,0.15384615384615383,3.0,"[""TechDocs"", ""TechDocs"", ""TechDocs"", ""TechDocs"", ""TechDocs"", ""TechDocs"", ""TechDocs"", ""TechDocs"", ""TechDocs"", ""TechDocs""]","[1.0, 0.0, 0.0, 0.0, 0.0, 0.0, 0.0, 0.0, 0.0, 0.0, 0.0, 1.0, 0.0, 1.0, 0.0, 0.0, 0.0, 0.0, 0.0, 0.0, 0.0, 0.0, 0.0, 0.0, 0.0, 0.0, 0.0, 0.0, 0.0, 0.0, 0.0, 0.0, 0.0, 0.0, 0.0, 0.0, 0.0, 0.0, 0.0, 0.0, 0.0, 0.0, 0.0, 0.0, 0.0, 0.0, 0.0, 0.0, 0.0, 0.0]"
Hybrid_CrossEncoder_L6,how to scan multiple pages,semantic,medium,4.719985008239746,0.0,0.0,0.0,0.0,0.0,0.0,0.0,0,0,0.0,"[""TechDocs"", ""TechDocs"", ""TechDocs"", ""TechDocs"", ""TechDocs"", ""TechDocs"", ""TechDocs"", ""TechDocs"", ""TechDocs"", ""TechDocs""]","[0.0, 0.0, 0.0, 0.0, 0.0, 0.0, 0.0, 0.0, 0.0, 0.0, 0.0, 0.0, 0.0, 0.0, 0.0, 0.0, 0.0, 0.0, 0.0, 0.0, 0.0, 0.0, 0.0, 0.0, 0.0, 0.0, 0.0, 0.0, 0.0, 0.0, 0.0, 0.0, 0.0, 0.0, 0.0, 0.0, 0.0, 0.0, 0.0, 0.0, 0.0, 0.0, 0.0, 0.0, 0.0, 0.0, 0.0, 0.0, 0.0, 0.0]"
Hybrid_CrossEncoder_L6,cancel print job,keyword,easy,5.101368427276611,0.0,0.0,0.0,0.0,0.0,0.0,0.0,0,0,0.0,"[""TechDocs"", ""TechDocs"", ""TechDocs"", ""TechDocs"", ""TechDocs"", ""TechDocs"", ""TechDocs"", ""TechDocs"", ""TechDocs"", ""TechDocs""]","[0.0, 0.0, 0.0, 0.0, 0.0, 0.0, 0.0, 0.0, 0.0, 0.0, 0.0, 0.0, 0.0, 0.0, 0.0, 0.0, 0.0, 0.0, 0.0, 0.0, 0.0, 0.0, 0.0, 0.0, 0.0, 0.0, 0.0, 0.0, 0.0, 0.0, 0.0, 0.0, 0.0, 0.0, 0.0, 0.0, 0.0, 0.0, 0.0, 0.0, 0.0, 0.0, 0.0, 0.0, 0.0, 0.0, 0.0, 0.0, 0.0, 0.0]"
Hybrid_CrossEncoder_L6,network troubleshooting guide,semantic,hard,5.2730183601379395,0.0,0.0,0.0,0.0,0.0,0.0,0.0,0,0,0.0,"[""TechDocs"", ""TechDocs"", ""TechDocs"", ""TechDocs"", ""TechDocs"", ""TechDocs"", ""TechDocs"", ""TechDocs"", ""TechDocs"", ""TechDocs""]","[0.0, 0.0, 0.0, 0.0, 0.0, 0.0, 0.0, 0.0, 0.0, 0.0, 0.0, 0.0, 0.0, 0.0, 0.0, 0.0, 0.0, 0.0, 0.0, 0.0, 0.0, 0.0, 0.0, 0.0, 0.0, 0.0, 0.0, 0.0, 0.0, 0.0, 0.0, 0.0, 0.0, 0.0, 0.0, 0.0, 0.0, 0.0, 0.0, 0.0, 0.0, 0.0, 0.0, 0.0, 0.0, 0.0, 0.0, 0.0, 0.0, 0.0]"
Hybrid_CrossEncoder_L6,recommended paper types,keyword,easy,4.270387649536133,0.0,0.0,0.07142857142857142,0.0,0.0,0.0,0.0,0,0,1.0,"[""TechDocs"", ""TechDocs"", ""TechDocs"", ""TechDocs"", ""TechDocs"", ""TechDocs"", ""TechDocs"", ""TechDocs"", ""TechDocs"", ""TechDocs""]","[0.0, 0.0, 0.0, 0.0, 0.0, 0.0, 0.0, 0.0, 0.0, 0.0, 0.0, 0.0, 0.0, 1.0, 0.0, 0.0, 0.0, 0.0, 0.0, 0.0, 0.0, 0.0, 0.0, 0.0, 0.0, 0.0, 0.0, 0.0, 0.0, 0.0, 0.0, 0.0, 0.0, 0.0, 0.0, 0.0, 0.0, 0.0, 0.0, 0.0, 0.0, 0.0, 0.0, 0.0, 0.0, 0.0, 0.0, 0.0, 0.0, 0.0]"
Hybrid_CrossEncoder_L6,default settings,keyword,easy,4.910449266433716,0.8029197080291971,0.6259314456035767,1.0,1.0,1.0,0.6,0.3,0.7499999999999999,0.4615384615384615,3.0,"[""TechDocs"", ""TechDocs"", ""TechDocs"", ""TechDocs"", ""TechDocs"", ""TechDocs"", ""TechDocs"", ""TechDocs"", ""TechDocs"", ""TechDocs""]","[1.0, 1.0, 1.0, 0.0, 0.0, 0.0, 0.0, 0.0, 0.0, 0.0, 0.0, 0.0, 0.0, 0.0, 0.0, 0.0, 0.0, 0.0, 0.0, 0.0, 0.0, 0.0, 0.0, 0.0, 0.0, 0.0, 0.0, 0.0, 0.0, 0.0, 0.0, 0.0, 0.0, 0.0, 0.0, 0.0, 0.0, 0.0, 0.0, 0.0, 0.0, 0.0, 0.0, 0.0, 0.0, 0.0, 0.0, 0.0, 0.0, 0.0]"
Hybrid_CrossEncoder_L6,how to use automatic document feeder,semantic,medium,5.305155277252197,0.0,0.0,0.0,0.0,0.0,0.0,0.0,0,0,0.0,"[""TechDocs"", ""TechDocs"", ""TechDocs"", ""TechDocs"", ""TechDocs"", ""TechDocs"", ""TechDocs"", ""TechDocs"", ""TechDocs"", ""TechDocs""]","[0.0, 0.0, 0.0, 0.0, 0.0, 0.0, 0.0, 0.0, 0.0, 0.0, 0.0, 0.0, 0.0, 0.0, 0.0, 0.0, 0.0, 0.0, 0.0, 0.0, 0.0, 0.0, 0.0, 0.0, 0.0, 0.0, 0.0, 0.0, 0.0, 0.0, 0.0, 0.0, 0.0, 0.0, 0.0, 0.0, 0.0, 0.0, 0.0, 0.0, 0.0, 0.0, 0.0, 0.0, 0.0, 0.0, 0.0, 0.0, 0.0, 0.0]"
Hybrid_CrossEncoder_L6,adjust print density,semantic,medium,5.443946599960327,0.0,0.0,0.023255813953488372,0.0,0.0,0.0,0.0,0,0,1.0,"[""TechDocs"", ""TechDocs"", ""TechDocs"", ""TechDocs"", ""TechDocs"", ""TechDocs"", ""TechDocs"", ""TechDocs"", ""TechDocs"", ""TechDocs""]","[0.0, 0.0, 0.0, 0.0, 0.0, 0.0, 0.0, 0.0, 0.0, 0.0, 0.0, 0.0, 0.0, 0.0, 0.0, 0.0, 0.0, 0.0, 0.0, 0.0, 0.0, 0.0, 0.0, 0.0, 0.0, 0.0, 0.0, 0.0, 0.0, 0.0, 0.0, 0.0, 0.0, 0.0, 0.0, 0.0, 0.0, 0.0, 0.0, 0.0, 0.0, 0.0, 1.0, 0.0, 0.0, 0.0, 0.0, 0.0, 0.0, 0.0]"
Hybrid_CrossEncoder_L6,firmware upgrade instructions,semantic,medium,8.298479557037354,0.0,0.0,0.0,0.0,0.0,0.0,0.0,0,0,0.0,"[""TechDocs"", ""TechDocs"", ""TechDocs"", ""TechDocs"", ""TechDocs"", ""TechDocs"", ""TechDocs"", ""TechDocs"", ""TechDocs"", ""TechDocs""]","[0.0, 0.0, 0.0, 0.0, 0.0, 0.0, 0.0, 0.0, 0.0, 0.0, 0.0, 0.0, 0.0, 0.0, 0.0, 0.0, 0.0, 0.0, 0.0, 0.0, 0.0, 0.0, 0.0, 0.0, 0.0, 0.0, 0.0, 0.0, 0.0, 0.0, 0.0, 0.0, 0.0, 0.0, 0.0, 0.0, 0.0, 0.0, 0.0, 0.0, 0.0, 0.0, 0.0, 0.0, 0.0, 0.0, 0.0, 0.0, 0.0, 0.0]"
Hybrid_CrossEncoder_L6,set up scan to network folder,semantic,hard,5.636230945587158,0.0,0.0,0.0,0.0,0.0,0.0,0.0,0,0,0.0,"[""TechDocs"", ""TechDocs"", ""TechDocs"", ""TechDocs"", ""TechDocs"", ""TechDocs"", ""TechDocs"", ""TechDocs"", ""TechDocs"", ""TechDocs""]","[0.0, 0.0, 0.0, 0.0, 0.0, 0.0, 0.0, 0.0, 0.0, 0.0, 0.0, 0.0, 0.0, 0.0, 0.0, 0.0, 0.0, 0.0, 0.0, 0.0, 0.0, 0.0, 0.0, 0.0, 0.0, 0.0, 0.0, 0.0, 0.0, 0.0, 0.0, 0.0, 0.0, 0.0, 0.0, 0.0, 0.0, 0.0, 0.0, 0.0, 0.0, 0.0, 0.0, 0.0, 0.0, 0.0, 0.0, 0.0, 0.0, 0.0]"
Hybrid_CrossEncoder_L6,setup email notification,semantic,hard,7.228595733642578,0.0,0.0,0.0,0.0,0.0,0.0,0.0,0,0,0.0,"[""TechDocs"", ""TechDocs"", ""TechDocs"", ""TechDocs"", ""TechDocs"", ""TechDocs"", ""TechDocs"", ""TechDocs"", ""TechDocs"", ""TechDocs""]","[0.0, 0.0, 0.0, 0.0, 0.0, 0.0, 0.0, 0.0, 0.0, 0.0, 0.0, 0.0, 0.0, 0.0, 0.0, 0.0, 0.0, 0.0, 0.0, 0.0, 0.0, 0.0, 0.0, 0.0, 0.0, 0.0, 0.0, 0.0, 0.0, 0.0, 0.0, 0.0, 0.0, 0.0, 0.0, 0.0, 0.0, 0.0, 0.0, 0.0, 0.0, 0.0, 0.0, 0.0, 0.0, 0.0, 0.0, 0.0, 0.0, 0.0]"
Hybrid_CrossEncoder_L6,how to copy documents,semantic,easy,6.58661150932312,0.0,0.0,0.0,0.0,0.0,0.0,0.0,0,0,0.0,"[""TechDocs"", ""TechDocs"", ""TechDocs"", ""TechDocs"", ""TechDocs"", ""TechDocs"", ""TechDocs"", ""TechDocs"", ""TechDocs"", ""TechDocs""]","[0.0, 0.0, 0.0, 0.0, 0.0, 0.0, 0.0, 0.0, 0.0, 0.0, 0.0, 0.0, 0.0, 0.0, 0.0, 0.0, 0.0, 0.0, 0.0, 0.0, 0.0, 0.0, 0.0, 0.0, 0.0, 0.0, 0.0, 0.0, 0.0, 0.0, 0.0, 0.0, 0.0, 0.0, 0.0, 0.0, 0.0, 0.0, 0.0, 0.0, 0.0, 0.0, 0.0, 0.0, 0.0, 0.0, 0.0, 0.0, 0.0, 0.0]"
Hybrid_CrossEncoder_L6,paper tray adjustment,keyword,easy,3.9510433673858643,0.10948905109489052,0.08535428803685138,0.25,0.3333333333333333,0.3333333333333333,0.2,0.1,0.25,0.15384615384615383,5.0,"[""TechDocs"", ""TechDocs"", ""TechDocs"", ""TechDocs"", ""TechDocs"", ""TechDocs"", ""TechDocs"", ""TechDocs"", ""TechDocs"", ""TechDocs""]","[0.0, 0.0, 0.0, 1.0, 0.0, 0.0, 0.0, 0.0, 0.0, 0.0, 0.0, 0.0, 0.0, 1.0, 1.0, 0.0, 0.0, 1.0, 1.0, 0.0, 0.0, 0.0, 0.0, 0.0, 0.0, 0.0, 0.0, 0.0, 0.0, 0.0, 0.0, 0.0, 0.0, 0.0, 0.0, 0.0, 0.0, 0.0, 0.0, 0.0, 0.0, 0.0, 0.0, 0.0, 0.0, 0.0, 0.0, 0.0, 0.0, 0.0]"
Hybrid_CrossEncoder_L6,print quality improvement,semantic,medium,4.9213337898254395,0.8029197080291971,0.6259314456035767,1.0,1.0,1.0,0.6,0.3,0.7499999999999999,0.4615384615384615,4.0,"[""TechDocs"", ""TechDocs"", ""TechDocs"", ""TechDocs"", ""TechDocs"", ""TechDocs"", ""TechDocs"", ""TechDocs"", ""TechDocs"", ""TechDocs""]","[1.0, 1.0, 1.0, 0.0, 0.0, 0.0, 0.0, 0.0, 0.0, 0.0, 0.0, 0.0, 0.0, 0.0, 0.0, 0.0, 0.0, 0.0, 0.0, 0.0, 0.0, 0.0, 0.0, 0.0, 0.0, 0.0, 0.0, 0.0, 0.0, 0.0, 0.0, 0.0, 0.0, 0.0, 0.0, 0.0, 0.0, 0.0, 0.0, 0.0, 0.0, 0.0, 0.0, 0.0, 0.0, 0.0, 1.0, 0.0, 0.0, 0.0]"
Hybrid_CrossEncoder_L6,network configuration examples,semantic,hard,7.057324171066284,0.6569343065693432,0.5121257282211082,1.0,0.6666666666666666,0.6666666666666666,0.4,0.2,0.5,0.30769230769230765,2.0,"[""TechDocs"", ""TechDocs"", ""TechDocs"", ""TechDocs"", ""TechDocs"", ""TechDocs"", ""Other"", ""TechDocs"", ""TechDocs"", ""TechDocs""]","[1.0, 1.0, 0.0, 0.0, 0.0, 0.0, 0.0, 0.0, 0.0, 0.0, 0.0, 0.0, 0.0, 0.0, 0.0, 0.0, 0.0, 0.0, 0.0, 0.0, 0.0, 0.0, 0.0, 0.0, 0.0, 0.0, 0.0, 0.0, 0.0, 0.0, 0.0, 0.0, 0.0, 0.0, 0.0, 0.0, 0.0, 0.0, 0.0, 0.0, 0.0, 0.0, 0.0, 0.0, 0.0, 0.0, 0.0, 0.0, 0.0, 0.0]"
Hybrid_CrossEncoder_L6,how to replace ink cartridges,keyword,easy,5.512732982635498,0.0,0.0,0.0,0.0,0.0,0.0,0.0,0,0,0.0,"[""TechDocs"", ""TechDocs"", ""TechDocs"", ""TechDocs"", ""TechDocs"", ""TechDocs"", ""TechDocs"", ""TechDocs"", ""TechDocs"", ""TechDocs""]","[0.0, 0.0, 0.0, 0.0, 0.0, 0.0, 0.0, 0.0, 0.0, 0.0, 0.0, 0.0, 0.0, 0.0, 0.0, 0.0, 0.0, 0.0, 0.0, 0.0, 0.0, 0.0, 0.0, 0.0, 0.0, 0.0, 0.0, 0.0, 0.0, 0.0, 0.0, 0.0, 0.0, 0.0, 0.0, 0.0, 0.0, 0.0, 0.0, 0.0, 0.0, 0.0, 0.0, 0.0, 0.0, 0.0, 0.0, 0.0, 0.0, 0.0]"
Hybrid_CrossEncoder_L6,scan resolution settings,semantic,medium,5.388103723526001,0.0,0.0,0.0,0.0,0.0,0.0,0.0,0,0,0.0,"[""TechDocs"", ""TechDocs"", ""TechDocs"", ""TechDocs"", ""TechDocs"", ""TechDocs"", ""TechDocs"", ""TechDocs"", ""TechDocs"", ""TechDocs""]","[0.0, 0.0, 0.0, 0.0, 0.0, 0.0, 0.0, 0.0, 0.0, 0.0, 0.0, 0.0, 0.0, 0.0, 0.0, 0.0, 0.0, 0.0, 0.0, 0.0, 0.0, 0.0, 0.0, 0.0, 0.0, 0.0, 0.0, 0.0, 0.0, 0.0, 0.0, 0.0, 0.0, 0.0, 0.0, 0.0, 0.0, 0.0, 0.0, 0.0, 0.0, 0.0, 0.0, 0.0, 0.0, 0.0, 0.0, 0.0, 0.0, 0.0]"
Hybrid_CrossEncoder_L6,printer security settings,semantic,hard,5.102985382080078,0.0,0.0,0.0,0.0,0.0,0.0,0.0,0,0,0.0,"[""TechDocs"", ""TechDocs"", ""TechDocs"", ""TechDocs"", ""TechDocs"", ""TechDocs"", ""TechDocs"", ""TechDocs"", ""TechDocs"", ""TechDocs""]","[0.0, 0.0, 0.0, 0.0, 0.0, 0.0, 0.0, 0.0, 0.0, 0.0, 0.0, 0.0, 0.0, 0.0, 0.0, 0.0, 0.0, 0.0, 0.0, 0.0, 0.0, 0.0, 0.0, 0.0, 0.0, 0.0, 0.0, 0.0, 0.0, 0.0, 0.0, 0.0, 0.0, 0.0, 0.0, 0.0, 0.0, 0.0, 0.0, 0.0, 0.0, 0.0, 0.0, 0.0, 0.0, 0.0, 0.0, 0.0, 0.0, 0.0]"
Hybrid_CrossEncoder_L6,how to share printer on network,semantic,medium,5.534867763519287,0.43795620437956206,0.34141715214740553,1.0,0.3333333333333333,0.3333333333333333,0.2,0.1,0.25,0.15384615384615383,1.0,"[""TechDocs"", ""TechDocs"", ""TechDocs"", ""TechDocs"", ""TechDocs"", ""TechDocs"", ""TechDocs"", ""TechDocs"", ""TechDocs"", ""TechDocs""]","[1.0, 0.0, 0.0, 0.0, 0.0, 0.0, 0.0, 0.0, 0.0, 0.0, 0.0, 0.0, 0.0, 0.0, 0.0, 0.0, 0.0, 0.0, 0.0, 0.0, 0.0, 0.0, 0.0, 0.0, 0.0, 0.0, 0.0, 0.0, 0.0, 0.0, 0.0, 0.0, 0.0, 0.0, 0.0, 0.0, 0.0, 0.0, 0.0, 0.0, 0.0, 0.0, 0.0, 0.0, 0.0, 0.0, 0.0, 0.0, 0.0, 0.0]"
Hybrid_CrossEncoder_L6,paper handling tips,keyword,easy,4.455735683441162,0.6569343065693432,0.5121257282211082,1.0,0.6666666666666666,0.6666666666666666,0.4,0.2,0.5,0.30769230769230765,4.0,"[""TechDocs"", ""TechDocs"", ""TechDocs"", ""TechDocs"", ""TechDocs"", ""TechDocs"", ""TechDocs"", ""TechDocs"", ""TechDocs"", ""TechDocs""]","[1.0, 1.0, 0.0, 0.0, 0.0, 0.0, 0.0, 0.0, 0.0, 0.0, 0.0, 0.0, 0.0, 0.0, 0.0, 0.0, 0.0, 0.0, 0.0, 0.0, 0.0, 0.0, 0.0, 0.0, 0.0, 0.0, 0.0, 0.0, 0.0, 0.0, 0.0, 1.0, 0.0, 0.0, 1.0, 0.0, 0.0, 0.0, 0.0, 0.0, 0.0, 0.0, 0.0, 0.0, 0.0, 0.0, 0.0, 0.0, 0.0, 0.0]"
Hybrid_CrossEncoder_L6,troubleshoot connection issues,semantic,hard,4.63756251335144,0.21897810218978103,0.17070857607370277,0.5,0.3333333333333333,0.3333333333333333,0.2,0.1,0.25,0.15384615384615383,1.0,"[""TechDocs"", ""TechDocs"", ""TechDocs"", ""TechDocs"", ""TechDocs"", ""TechDocs"", ""TechDocs"", ""TechDocs"", ""TechDocs"", ""TechDocs""]","[0.0, 1.0, 0.0, 0.0, 0.0, 0.0, 0.0, 0.0, 0.0, 0.0, 0.0, 0.0, 0.0, 0.0, 0.0, 0.0, 0.0, 0.0, 0.0, 0.0, 0.0, 0.0, 0.0, 0.0, 0.0, 0.0, 0.0, 0.0, 0.0, 0.0, 0.0, 0.0, 0.0, 0.0, 0.0, 0.0, 0.0, 0.0, 0.0, 0.0, 0.0, 0.0, 0.0, 0.0, 0.0, 0.0, 0.0, 0.0, 0.0, 0.0]"
Hybrid_CrossEncoder_L6,how to save scan to computer,semantic,medium,5.810943603515625,0.0,0.0,0.0,0.0,0.0,0.0,0.0,0,0,0.0,"[""TechDocs"", ""TechDocs"", ""TechDocs"", ""TechDocs"", ""TechDocs"", ""TechDocs"", ""TechDocs"", ""TechDocs"", ""TechDocs"", ""TechDocs""]","[0.0, 0.0, 0.0, 0.0, 0.0, 0.0, 0.0, 0.0, 0.0, 0.0, 0.0, 0.0, 0.0, 0.0, 0.0, 0.0, 0.0, 0.0, 0.0, 0.0, 0.0, 0.0, 0.0, 0.0, 0.0, 0.0, 0.0, 0.0, 0.0, 0.0, 0.0, 0.0, 0.0, 0.0, 0.0, 0.0, 0.0, 0.0, 0.0, 0.0, 0.0, 0.0, 0.0, 0.0, 0.0, 0.0, 0.0, 0.0, 0.0, 0.0]"
Hybrid_CrossEncoder_L6,printing preferences,keyword,easy,5.52733588218689,0.0,0.0,0.0,0.0,0.0,0.0,0.0,0,0,0.0,"[""TechDocs"", ""TechDocs"", ""TechDocs"", ""TechDocs"", ""TechDocs"", ""TechDocs"", ""TechDocs"", ""TechDocs"", ""TechDocs"", ""TechDocs""]","[0.0, 0.0, 0.0, 0.0, 0.0, 0.0, 0.0, 0.0, 0.0, 0.0, 0.0, 0.0, 0.0, 0.0, 0.0, 0.0, 0.0, 0.0, 0.0, 0.0, 0.0, 0.0, 0.0, 0.0, 0.0, 0.0, 0.0, 0.0, 0.0, 0.0, 0.0, 0.0, 0.0, 0.0, 0.0, 0.0, 0.0, 0.0, 0.0, 0.0, 0.0, 0.0, 0.0, 0.0, 0.0, 0.0, 0.0, 0.0, 0.0, 0.0]"
Hybrid_CrossEncoder_L6,scan to cloud storage,semantic,hard,5.770036220550537,0.0,0.0,0.0,0.0,0.0,0.0,0.0,0,0,0.0,"[""TechDocs"", ""TechDocs"", ""TechDocs"", ""TechDocs"", ""TechDocs"", ""TechDocs"", ""TechDocs"", ""TechDocs"", ""TechDocs"", ""TechDocs""]","[0.0, 0.0, 0.0, 0.0, 0.0, 0.0, 0.0, 0.0, 0.0, 0.0, 0.0, 0.0, 0.0, 0.0, 0.0, 0.0, 0.0, 0.0, 0.0, 0.0, 0.0, 0.0, 0.0, 0.0, 0.0, 0.0, 0.0, 0.0, 0.0, 0.0, 0.0, 0.0, 0.0, 0.0, 0.0, 0.0, 0.0, 0.0, 0.0, 0.0, 0.0, 0.0, 0.0, 0.0, 0.0, 0.0, 0.0, 0.0, 0.0, 0.0]"
Hybrid_CrossEncoder_L6,how to check printer status,keyword,easy,5.048993110656738,0.43795620437956206,0.3755588673621461,1.0,0.3333333333333333,0.6666666666666666,0.2,0.2,0.25,0.30769230769230765,2.0,"[""TechDocs"", ""TechDocs"", ""TechDocs"", ""TechDocs"", ""TechDocs"", ""TechDocs"", ""TechDocs"", ""TechDocs"", ""TechDocs"", ""TechDocs""]","[1.0, 0.0, 0.0, 0.0, 0.0, 0.0, 0.0, 0.0, 0.0, 1.0, 0.0, 0.0, 0.0, 0.0, 0.0, 0.0, 0.0, 0.0, 0.0, 0.0, 0.0, 0.0, 0.0, 0.0, 0.0, 0.0, 0.0, 0.0, 0.0, 0.0, 0.0, 0.0, 0.0, 0.0, 0.0, 0.0, 0.0, 0.0, 0.0, 0.0, 0.0, 0.0, 0.0, 0.0, 0.0, 0.0, 0.0, 0.0, 0.0, 0.0]"
Hybrid_CrossEncoder_L6,network printer setup,semantic,medium,4.953600883483887,0.0,0.0,0.0,0.0,0.0,0.0,0.0,0,0,0.0,"[""TechDocs"", ""TechDocs"", ""TechDocs"", ""TechDocs"", ""TechDocs"", ""TechDocs"", ""TechDocs"", ""TechDocs"", ""TechDocs"", ""TechDocs""]","[0.0, 0.0, 0.0, 0.0, 0.0, 0.0, 0.0, 0.0, 0.0, 0.0, 0.0, 0.0, 0.0, 0.0, 0.0, 0.0, 0.0, 0.0, 0.0, 0.0, 0.0, 0.0, 0.0, 0.0, 0.0, 0.0, 0.0, 0.0, 0.0, 0.0, 0.0, 0.0, 0.0, 0.0, 0.0, 0.0, 0.0, 0.0, 0.0, 0.0, 0.0, 0.0, 0.0, 0.0, 0.0, 0.0, 0.0, 0.0, 0.0, 0.0]"
Hybrid_CrossEncoder_L6,color calibration,semantic,hard,7.539757013320923,0.0,0.0,0.0,0.0,0.0,0.0,0.0,0,0,0.0,"[""TechDocs"", ""Other"", ""Other"", ""Game"", ""Game"", ""TechDocs"", ""Game"", ""Other"", ""Other"", ""TechDocs""]","[0.0, 0.0, 0.0, 0.0, 0.0, 0.0, 0.0, 0.0, 0.0, 0.0, 0.0, 0.0, 0.0, 0.0, 0.0, 0.0, 0.0, 0.0, 0.0, 0.0, 0.0, 0.0, 0.0, 0.0, 0.0, 0.0, 0.0, 0.0, 0.0, 0.0, 0.0, 0.0, 0.0, 0.0, 0.0, 0.0, 0.0, 0.0, 0.0, 0.0, 0.0, 0.0, 0.0, 0.0, 0.0, 0.0, 0.0, 0.0, 0.0, 0.0]"
Hybrid_CrossEncoder_L6,how to load paper,keyword,easy,4.412709712982178,0.5255474452554745,0.4523777265953123,1.0,0.6666666666666666,1.0,0.4,0.3,0.5,0.4615384615384615,6.0,"[""TechDocs"", ""TechDocs"", ""TechDocs"", ""TechDocs"", ""TechDocs"", ""TechDocs"", ""TechDocs"", ""TechDocs"", ""TechDocs"", ""TechDocs""]","[1.0, 0.0, 0.0, 0.0, 1.0, 0.0, 0.0, 1.0, 0.0, 0.0, 0.0, 0.0, 1.0, 0.0, 0.0, 0.0, 0.0, 0.0, 1.0, 0.0, 0.0, 0.0, 0.0, 0.0, 0.0, 1.0, 0.0, 0.0, 0.0, 0.0, 0.0, 0.0, 0.0, 0.0, 0.0, 0.0, 0.0, 0.0, 0.0, 0.0, 0.0, 0.0, 0.0, 0.0, 0.0, 0.0, 0.0, 0.0, 0.0, 0.0]"
Hybrid_CrossEncoder_L6,print job queue management,semantic,medium,7.881650924682617,0.0,0.0,0.03225806451612903,0.0,0.0,0.0,0.0,0,0,1.0,"[""TechDocs"", ""TechDocs"", ""TechDocs"", ""TechDocs"", ""TechDocs"", ""TechDocs"", ""TechDocs"", ""TechDocs"", ""TechDocs"", ""TechDocs""]","[0.0, 0.0, 0.0, 0.0, 0.0, 0.0, 0.0, 0.0, 0.0, 0.0, 0.0, 0.0, 0.0, 0.0, 0.0, 0.0, 0.0, 0.0, 0.0, 0.0, 0.0, 0.0, 0.0, 0.0, 0.0, 0.0, 0.0, 0.0, 0.0, 0.0, 1.0, 0.0, 0.0, 0.0, 0.0, 0.0, 0.0, 0.0, 0.0, 0.0, 0.0, 0.0, 0.0, 0.0, 0.0, 0.0, 0.0, 0.0, 0.0, 0.0]"
Hybrid_CrossEncoder_L6,advanced network settings,semantic,hard,5.332440614700317,0.0,0.0,0.0,0.0,0.0,0.0,0.0,0,0,0.0,"[""TechDocs"", ""TechDocs"", ""TechDocs"", ""TechDocs"", ""TechDocs"", ""TechDocs"", ""TechDocs"", ""TechDocs"", ""TechDocs"", ""TechDocs""]","[0.0, 0.0, 0.0, 0.0, 0.0, 0.0, 0.0, 0.0, 0.0, 0.0, 0.0, 0.0, 0.0, 0.0, 0.0, 0.0, 0.0, 0.0, 0.0, 0.0, 0.0, 0.0, 0.0, 0.0, 0.0, 0.0, 0.0, 0.0, 0.0, 0.0, 0.0, 0.0, 0.0, 0.0, 0.0, 0.0, 0.0, 0.0, 0.0, 0.0, 0.0, 0.0, 0.0, 0.0, 0.0, 0.0, 0.0, 0.0, 0.0, 0.0]"
Hybrid_CrossEncoder_L6,how to clean scanner glass,keyword,easy,5.623070955276489,0.21897810218978103,0.17070857607370277,0.5,0.3333333333333333,0.3333333333333333,0.2,0.1,0.25,0.15384615384615383,1.0,"[""TechDocs"", ""TechDocs"", ""TechDocs"", ""TechDocs"", ""TechDocs"", ""TechDocs"", ""TechDocs"", ""TechDocs"", ""TechDocs"", ""TechDocs""]","[0.0, 1.0, 0.0, 0.0, 0.0, 0.0, 0.0, 0.0, 0.0, 0.0, 0.0, 0.0, 0.0, 0.0, 0.0, 0.0, 0.0, 0.0, 0.0, 0.0, 0.0, 0.0, 0.0, 0.0, 0.0, 0.0, 0.0, 0.0, 0.0, 0.0, 0.0, 0.0, 0.0, 0.0, 0.0, 0.0, 0.0, 0.0, 0.0, 0.0, 0.0, 0.0, 0.0, 0.0, 0.0, 0.0, 0.0, 0.0, 0.0, 0.0]"
Hybrid_CrossEncoder_L12,paper jam solution,keyword,easy,9.285487174987793,0.8905109489051095,0.7511177347242922,1.0,1.0,1.25,0.8,0.5,0.888888888888889,0.7142857142857143,6.0,"[""TechDocs"", ""TechDocs"", ""TechDocs"", ""TechDocs"", ""TechDocs"", ""TechDocs"", ""TechDocs"", ""TechDocs"", ""TechDocs"", ""TechDocs""]","[1.0, 1.0, 1.0, 0.0, 1.0, 1.0, 0.0, 0.0, 0.0, 0.0, 0.0, 0.0, 0.0, 0.0, 0.0, 0.0, 1.0, 0.0, 0.0, 0.0, 0.0, 0.0, 0.0, 0.0, 0.0, 0.0, 0.0, 0.0, 0.0, 0.0, 0.0, 0.0, 0.0, 0.0, 0.0, 0.0, 0.0, 0.0, 0.0, 0.0, 0.0, 0.0, 0.0, 0.0, 0.0, 0.0, 0.0, 0.0, 0.0, 0.0]"
Hybrid_CrossEncoder_L12,how to reset the device,semantic,easy,12.538239479064941,0.0,0.0,0.08333333333333333,0.0,0.0,0.0,0.0,0,0,1.0,"[""TechDocs"", ""TechDocs"", ""TechDocs"", ""TechDocs"", ""TechDocs"", ""TechDocs"", ""TechDocs"", ""TechDocs"", ""TechDocs"", ""TechDocs""]","[0.0, 0.0, 0.0, 0.0, 0.0, 0.0, 0.0, 0.0, 0.0, 0.0, 0.0, 1.0, 0.0, 0.0, 0.0, 0.0, 0.0, 0.0, 0.0, 0.0, 0.0, 0.0, 0.0, 0.0, 0.0, 0.0, 0.0, 0.0, 0.0, 0.0, 0.0, 0.0, 0.0, 0.0, 0.0, 0.0, 0.0, 0.0, 0.0, 0.0, 0.0, 0.0, 0.0, 0.0, 0.0, 0.0, 0.0, 0.0, 0.0, 0.0]"
Hybrid_CrossEncoder_L12,scan to email,keyword,easy,12.908216714859009,0.0,0.0,0.0,0.0,0.0,0.0,0.0,0,0,0.0,"[""TechDocs"", ""TechDocs"", ""TechDocs"", ""TechDocs"", ""TechDocs"", ""TechDocs"", ""TechDocs"", ""TechDocs"", ""TechDocs"", ""TechDocs""]","[0.0, 0.0, 0.0, 0.0, 0.0, 0.0, 0.0, 0.0, 0.0, 0.0, 0.0, 0.0, 0.0, 0.0, 0.0, 0.0, 0.0, 0.0, 0.0, 0.0, 0.0, 0.0, 0.0, 0.0, 0.0, 0.0, 0.0, 0.0, 0.0, 0.0, 0.0, 0.0, 0.0, 0.0, 0.0, 0.0, 0.0, 0.0, 0.0, 0.0, 0.0, 0.0, 0.0, 0.0, 0.0, 0.0, 0.0, 0.0, 0.0, 0.0]"
Hybrid_CrossEncoder_L12,replace toner cartridge,keyword,easy,13.424197912216187,0.0,0.0,0.05,0.0,0.0,0.0,0.0,0,0,1.0,"[""TechDocs"", ""TechDocs"", ""TechDocs"", ""TechDocs"", ""TechDocs"", ""TechDocs"", ""TechDocs"", ""TechDocs"", ""TechDocs"", ""TechDocs""]","[0.0, 0.0, 0.0, 0.0, 0.0, 0.0, 0.0, 0.0, 0.0, 0.0, 0.0, 0.0, 0.0, 0.0, 0.0, 0.0, 0.0, 0.0, 0.0, 1.0, 0.0, 0.0, 0.0, 0.0, 0.0, 0.0, 0.0, 0.0, 0.0, 0.0, 0.0, 0.0, 0.0, 0.0, 0.0, 0.0, 0.0, 0.0, 0.0, 0.0, 0.0, 0.0, 0.0, 0.0, 0.0, 0.0, 0.0, 0.0, 0.0, 0.0]"
Hybrid_CrossEncoder_L12,connect printer to wifi network,semantic,medium,9.601509094238281,0.6569343065693432,0.5690285869123426,1.0,0.6666666666666666,1.0,0.4,0.3,0.5,0.4615384615384615,3.0,"[""TechDocs"", ""TechDocs"", ""TechDocs"", ""TechDocs"", ""TechDocs"", ""TechDocs"", ""TechDocs"", ""TechDocs"", ""TechDocs"", ""TechDocs""]","[1.0, 1.0, 0.0, 0.0, 0.0, 1.0, 0.0, 0.0, 0.0, 0.0, 0.0, 0.0, 0.0, 0.0, 0.0, 0.0, 0.0, 0.0, 0.0, 0.0, 0.0, 0.0, 0.0, 0.0, 0.0, 0.0, 0.0, 0.0, 0.0, 0.0, 0.0, 0.0, 0.0, 0.0, 0.0, 0.0, 0.0, 0.0, 0.0, 0.0, 0.0, 0.0, 0.0, 0.0, 0.0, 0.0, 0.0, 0.0, 0.0, 0.0]"
Hybrid_CrossEncoder_L12,software update for printer,semantic,medium,10.024853706359863,0.0,0.0,0.0,0.0,0.0,0.0,0.0,0,0,0.0,"[""TechDocs"", ""TechDocs"", ""TechDocs"", ""TechDocs"", ""TechDocs"", ""TechDocs"", ""TechDocs"", ""TechDocs"", ""TechDocs"", ""TechDocs""]","[0.0, 0.0, 0.0, 0.0, 0.0, 0.0, 0.0, 0.0, 0.0, 0.0, 0.0, 0.0, 0.0, 0.0, 0.0, 0.0, 0.0, 0.0, 0.0, 0.0, 0.0, 0.0, 0.0, 0.0, 0.0, 0.0, 0.0, 0.0, 0.0, 0.0, 0.0, 0.0, 0.0, 0.0, 0.0, 0.0, 0.0, 0.0, 0.0, 0.0, 0.0, 0.0, 0.0, 0.0, 0.0, 0.0, 0.0, 0.0, 0.0, 0.0]"
Hybrid_CrossEncoder_L12,print from mobile phone,semantic,medium,10.763659000396729,0.0,0.0,0.0,0.0,0.0,0.0,0.0,0,0,0.0,"[""TechDocs"", ""TechDocs"", ""TechDocs"", ""TechDocs"", ""TechDocs"", ""TechDocs"", ""TechDocs"", ""TechDocs"", ""TechDocs"", ""TechDocs""]","[0.0, 0.0, 0.0, 0.0, 0.0, 0.0, 0.0, 0.0, 0.0, 0.0, 0.0, 0.0, 0.0, 0.0, 0.0, 0.0, 0.0, 0.0, 0.0, 0.0, 0.0, 0.0, 0.0, 0.0, 0.0, 0.0, 0.0, 0.0, 0.0, 0.0, 0.0, 0.0, 0.0, 0.0, 0.0, 0.0, 0.0, 0.0, 0.0, 0.0, 0.0, 0.0, 0.0, 0.0, 0.0, 0.0, 0.0, 0.0, 0.0, 0.0]"
Hybrid_CrossEncoder_L12,troubleshoot print quality,semantic,hard,10.732096910476685,0.5474452554744526,0.4267714401842569,1.0,0.6666666666666666,0.6666666666666666,0.4,0.2,0.5,0.30769230769230765,2.0,"[""TechDocs"", ""TechDocs"", ""TechDocs"", ""TechDocs"", ""TechDocs"", ""TechDocs"", ""TechDocs"", ""TechDocs"", ""TechDocs"", ""TechDocs""]","[1.0, 0.0, 0.0, 1.0, 0.0, 0.0, 0.0, 0.0, 0.0, 0.0, 0.0, 0.0, 0.0, 0.0, 0.0, 0.0, 0.0, 0.0, 0.0, 0.0, 0.0, 0.0, 0.0, 0.0, 0.0, 0.0, 0.0, 0.0, 0.0, 0.0, 0.0, 0.0, 0.0, 0.0, 0.0, 0.0, 0.0, 0.0, 0.0, 0.0, 0.0, 0.0, 0.0, 0.0, 0.0, 0.0, 0.0, 0.0, 0.0, 0.0]"
Hybrid_CrossEncoder_L12,configure network settings,semantic,hard,11.784608125686646,0.08759124087591241,0.1109605744479068,0.2,0.3333333333333333,0.6666666666666666,0.2,0.2,0.25,0.30769230769230765,3.0,"[""TechDocs"", ""TechDocs"", ""TechDocs"", ""TechDocs"", ""TechDocs"", ""TechDocs"", ""TechDocs"", ""TechDocs"", ""TechDocs"", ""TechDocs""]","[0.0, 0.0, 0.0, 0.0, 1.0, 0.0, 0.0, 1.0, 0.0, 0.0, 0.0, 0.0, 0.0, 0.0, 0.0, 0.0, 0.0, 0.0, 0.0, 0.0, 0.0, 0.0, 0.0, 0.0, 0.0, 0.0, 0.0, 0.0, 0.0, 0.0, 0.0, 0.0, 0.0, 1.0, 0.0, 0.0, 0.0, 0.0, 0.0, 0.0, 0.0, 0.0, 0.0, 0.0, 0.0, 0.0, 0.0, 0.0, 0.0, 0.0]"
Hybrid_CrossEncoder_L12,send fax to multiple recipients,semantic,hard,10.465580701828003,0.6715328467153284,0.5955832543015852,1.0,1.0,1.6666666666666667,0.6,0.5,0.7499999999999999,0.7692307692307692,8.0,"[""TechDocs"", ""TechDocs"", ""TechDocs"", ""TechDocs"", ""TechDocs"", ""TechDocs"", ""TechDocs"", ""TechDocs"", ""TechDocs"", ""TechDocs""]","[1.0, 0.0, 1.0, 0.0, 1.0, 0.0, 0.0, 0.0, 1.0, 1.0, 0.0, 0.0, 1.0, 0.0, 0.0, 1.0, 0.0, 0.0, 0.0, 0.0, 1.0, 0.0, 0.0, 0.0, 0.0, 0.0, 0.0, 0.0, 0.0, 0.0, 0.0, 0.0, 0.0, 0.0, 0.0, 0.0, 0.0, 0.0, 0.0, 0.0, 0.0, 0.0, 0.0, 0.0, 0.0, 0.0, 0.0, 0.0, 0.0, 0.0]"
Hybrid_CrossEncoder_L12,clean the printhead,semantic,medium,11.06546950340271,0.0,0.0,0.0,0.0,0.0,0.0,0.0,0,0,0.0,"[""TechDocs"", ""TechDocs"", ""TechDocs"", ""TechDocs"", ""TechDocs"", ""TechDocs"", ""TechDocs"", ""TechDocs"", ""TechDocs"", ""TechDocs""]","[0.0, 0.0, 0.0, 0.0, 0.0, 0.0, 0.0, 0.0, 0.0, 0.0, 0.0, 0.0, 0.0, 0.0, 0.0, 0.0, 0.0, 0.0, 0.0, 0.0, 0.0, 0.0, 0.0, 0.0, 0.0, 0.0, 0.0, 0.0, 0.0, 0.0, 0.0, 0.0, 0.0, 0.0, 0.0, 0.0, 0.0, 0.0, 0.0, 0.0, 0.0, 0.0, 0.0, 0.0, 0.0, 0.0, 0.0, 0.0, 0.0, 0.0]"
Hybrid_CrossEncoder_L12,factory reset printer,semantic,medium,9.926135301589966,0.0,0.0,0.0,0.0,0.0,0.0,0.0,0,0,0.0,"[""TechDocs"", ""TechDocs"", ""TechDocs"", ""TechDocs"", ""TechDocs"", ""TechDocs"", ""TechDocs"", ""TechDocs"", ""TechDocs"", ""TechDocs""]","[0.0, 0.0, 0.0, 0.0, 0.0, 0.0, 0.0, 0.0, 0.0, 0.0, 0.0, 0.0, 0.0, 0.0, 0.0, 0.0, 0.0, 0.0, 0.0, 0.0, 0.0, 0.0, 0.0, 0.0, 0.0, 0.0, 0.0, 0.0, 0.0, 0.0, 0.0, 0.0, 0.0, 0.0, 0.0, 0.0, 0.0, 0.0, 0.0, 0.0, 0.0, 0.0, 0.0, 0.0, 0.0, 0.0, 0.0, 0.0, 0.0, 0.0]"
Hybrid_CrossEncoder_L12,check ink level,keyword,easy,10.278427600860596,0.43795620437956206,0.34141715214740553,1.0,0.3333333333333333,0.3333333333333333,0.2,0.1,0.25,0.15384615384615383,1.0,"[""TechDocs"", ""TechDocs"", ""TechDocs"", ""TechDocs"", ""TechDocs"", ""TechDocs"", ""TechDocs"", ""TechDocs"", ""TechDocs"", ""TechDocs""]","[1.0, 0.0, 0.0, 0.0, 0.0, 0.0, 0.0, 0.0, 0.0, 0.0, 0.0, 0.0, 0.0, 0.0, 0.0, 0.0, 0.0, 0.0, 0.0, 0.0, 0.0, 0.0, 0.0, 0.0, 0.0, 0.0, 0.0, 0.0, 0.0, 0.0, 0.0, 0.0, 0.0, 0.0, 0.0, 0.0, 0.0, 0.0, 0.0, 0.0, 0.0, 0.0, 0.0, 0.0, 0.0, 0.0, 0.0, 0.0, 0.0, 0.0]"
Hybrid_CrossEncoder_L12,duplex printing setup,semantic,medium,12.424050569534302,0.0,0.0,0.0,0.0,0.0,0.0,0.0,0,0,0.0,"[""TechDocs"", ""TechDocs"", ""TechDocs"", ""TechDocs"", ""TechDocs"", ""TechDocs"", ""TechDocs"", ""TechDocs"", ""TechDocs"", ""TechDocs""]","[0.0, 0.0, 0.0, 0.0, 0.0, 0.0, 0.0, 0.0, 0.0, 0.0, 0.0, 0.0, 0.0, 0.0, 0.0, 0.0, 0.0, 0.0, 0.0, 0.0, 0.0, 0.0, 0.0, 0.0, 0.0, 0.0, 0.0, 0.0, 0.0, 0.0, 0.0, 0.0, 0.0, 0.0, 0.0, 0.0, 0.0, 0.0, 0.0, 0.0, 0.0, 0.0, 0.0, 0.0, 0.0, 0.0, 0.0, 0.0, 0.0, 0.0]"
Hybrid_CrossEncoder_L12,scan document to USB drive,semantic,medium,11.90006709098816,0.43795620437956206,0.34141715214740553,1.0,0.3333333333333333,0.3333333333333333,0.2,0.1,0.25,0.15384615384615383,2.0,"[""TechDocs"", ""TechDocs"", ""TechDocs"", ""TechDocs"", ""TechDocs"", ""TechDocs"", ""TechDocs"", ""TechDocs"", ""TechDocs"", ""TechDocs""]","[1.0, 0.0, 0.0, 0.0, 0.0, 0.0, 0.0, 0.0, 0.0, 0.0, 0.0, 0.0, 0.0, 0.0, 0.0, 0.0, 0.0, 0.0, 0.0, 0.0, 0.0, 0.0, 0.0, 0.0, 0.0, 0.0, 0.0, 0.0, 0.0, 0.0, 0.0, 0.0, 0.0, 1.0, 0.0, 0.0, 0.0, 0.0, 0.0, 0.0, 0.0, 0.0, 0.0, 0.0, 0.0, 0.0, 0.0, 0.0, 0.0, 0.0]"
Hybrid_CrossEncoder_L12,maintenance schedule,keyword,medium,20.058568716049194,0.0,0.034141715214740555,0.1,0.0,0.3333333333333333,0.0,0.1,0,0.15384615384615383,1.0,"[""Other"", ""Other"", ""TechDocs"", ""Other"", ""Other"", ""TechDocs"", ""Other"", ""Other"", ""Other"", ""TechDocs""]","[0.0, 0.0, 0.0, 0.0, 0.0, 0.0, 0.0, 0.0, 0.0, 1.0, 0.0, 0.0, 0.0, 0.0, 0.0, 0.0, 0.0, 0.0, 0.0, 0.0, 0.0, 0.0, 0.0, 0.0, 0.0, 0.0, 0.0, 0.0, 0.0, 0.0, 0.0, 0.0, 0.0, 0.0, 0.0, 0.0, 0.0, 0.0, 0.0, 0.0, 0.0, 0.0, 0.0, 0.0, 0.0, 0.0, 0.0, 0.0, 0.0, 0.0]"
Hybrid_CrossEncoder_L12,energy saving mode,keyword,easy,13.698382139205933,0.5255474452554745,0.40970058257688663,1.0,0.6666666666666666,0.6666666666666666,0.4,0.2,0.5,0.30769230769230765,5.0,"[""TechDocs"", ""Game"", ""TechDocs"", ""TechDocs"", ""TechDocs"", ""Other"", ""Game"", ""TechDocs"", ""TechDocs"", ""Other""]","[1.0, 0.0, 0.0, 0.0, 1.0, 0.0, 0.0, 0.0, 0.0, 0.0, 0.0, 0.0, 0.0, 0.0, 0.0, 0.0, 0.0, 0.0, 0.0, 0.0, 0.0, 0.0, 1.0, 0.0, 0.0, 0.0, 0.0, 0.0, 0.0, 1.0, 0.0, 0.0, 0.0, 0.0, 0.0, 0.0, 0.0, 0.0, 0.0, 0.0, 0.0, 1.0, 0.0, 0.0, 0.0, 0.0, 0.0, 0.0, 0.0, 0.0]"
Hybrid_CrossEncoder_L12,change paper size,keyword,easy,8.316817283630371,0.5255474452554745,0.40970058257688663,1.0,0.6666666666666666,0.6666666666666666,0.4,0.2,0.5,0.30769230769230765,3.0,"[""TechDocs"", ""TechDocs"", ""TechDocs"", ""TechDocs"", ""TechDocs"", ""TechDocs"", ""TechDocs"", ""TechDocs"", ""TechDocs"", ""TechDocs""]","[1.0, 0.0, 0.0, 0.0, 1.0, 0.0, 0.0, 0.0, 0.0, 0.0, 0.0, 0.0, 0.0, 0.0, 0.0, 0.0, 0.0, 0.0, 0.0, 0.0, 0.0, 0.0, 0.0, 0.0, 0.0, 0.0, 0.0, 0.0, 0.0, 0.0, 0.0, 0.0, 0.0, 0.0, 0.0, 0.0, 0.0, 0.0, 1.0, 0.0, 0.0, 0.0, 0.0, 0.0, 0.0, 0.0, 0.0, 0.0, 0.0, 0.0]"
Hybrid_CrossEncoder_L12,how to install printer driver,semantic,medium,9.805535793304443,0.0,0.0,0.0,0.0,0.0,0.0,0.0,0,0,0.0,"[""TechDocs"", ""TechDocs"", ""TechDocs"", ""TechDocs"", ""TechDocs"", ""TechDocs"", ""TechDocs"", ""TechDocs"", ""TechDocs"", ""TechDocs""]","[0.0, 0.0, 0.0, 0.0, 0.0, 0.0, 0.0, 0.0, 0.0, 0.0, 0.0, 0.0, 0.0, 0.0, 0.0, 0.0, 0.0, 0.0, 0.0, 0.0, 0.0, 0.0, 0.0, 0.0, 0.0, 0.0, 0.0, 0.0, 0.0, 0.0, 0.0, 0.0, 0.0, 0.0, 0.0, 0.0, 0.0, 0.0, 0.0, 0.0, 0.0, 0.0, 0.0, 0.0, 0.0, 0.0, 0.0, 0.0, 0.0, 0.0]"
Hybrid_CrossEncoder_L12,wireless connection setup,semantic,medium,12.12192678451538,0.43795620437956206,0.34141715214740553,1.0,0.3333333333333333,0.3333333333333333,0.2,0.1,0.25,0.15384615384615383,4.0,"[""TechDocs"", ""TechDocs"", ""TechDocs"", ""TechDocs"", ""TechDocs"", ""TechDocs"", ""TechDocs"", ""TechDocs"", ""TechDocs"", ""TechDocs""]","[1.0, 0.0, 0.0, 0.0, 0.0, 0.0, 0.0, 0.0, 0.0, 0.0, 0.0, 0.0, 0.0, 0.0, 0.0, 0.0, 0.0, 0.0, 1.0, 0.0, 0.0, 0.0, 1.0, 0.0, 0.0, 0.0, 0.0, 0.0, 0.0, 0.0, 0.0, 0.0, 0.0, 0.0, 0.0, 0.0, 0.0, 0.0, 0.0, 0.0, 0.0, 1.0, 0.0, 0.0, 0.0, 0.0, 0.0, 0.0, 0.0, 0.0]"
Hybrid_CrossEncoder_L12,how to scan multiple pages,semantic,medium,9.82727575302124,0.0,0.0,0.0,0.0,0.0,0.0,0.0,0,0,0.0,"[""TechDocs"", ""TechDocs"", ""TechDocs"", ""TechDocs"", ""TechDocs"", ""TechDocs"", ""TechDocs"", ""TechDocs"", ""TechDocs"", ""TechDocs""]","[0.0, 0.0, 0.0, 0.0, 0.0, 0.0, 0.0, 0.0, 0.0, 0.0, 0.0, 0.0, 0.0, 0.0, 0.0, 0.0, 0.0, 0.0, 0.0, 0.0, 0.0, 0.0, 0.0, 0.0, 0.0, 0.0, 0.0, 0.0, 0.0, 0.0, 0.0, 0.0, 0.0, 0.0, 0.0, 0.0, 0.0, 0.0, 0.0, 0.0, 0.0, 0.0, 0.0, 0.0, 0.0, 0.0, 0.0, 0.0, 0.0, 0.0]"
Hybrid_CrossEncoder_L12,cancel print job,keyword,easy,10.061044931411743,0.0,0.0,0.0,0.0,0.0,0.0,0.0,0,0,0.0,"[""TechDocs"", ""TechDocs"", ""TechDocs"", ""TechDocs"", ""TechDocs"", ""TechDocs"", ""TechDocs"", ""TechDocs"", ""TechDocs"", ""TechDocs""]","[0.0, 0.0, 0.0, 0.0, 0.0, 0.0, 0.0, 0.0, 0.0, 0.0, 0.0, 0.0, 0.0, 0.0, 0.0, 0.0, 0.0, 0.0, 0.0, 0.0, 0.0, 0.0, 0.0, 0.0, 0.0, 0.0, 0.0, 0.0, 0.0, 0.0, 0.0, 0.0, 0.0, 0.0, 0.0, 0.0, 0.0, 0.0, 0.0, 0.0, 0.0, 0.0, 0.0, 0.0, 0.0, 0.0, 0.0, 0.0, 0.0, 0.0]"
Hybrid_CrossEncoder_L12,network troubleshooting guide,semantic,hard,10.843999862670898,0.0,0.0,0.0,0.0,0.0,0.0,0.0,0,0,0.0,"[""TechDocs"", ""TechDocs"", ""TechDocs"", ""TechDocs"", ""TechDocs"", ""TechDocs"", ""TechDocs"", ""TechDocs"", ""TechDocs"", ""TechDocs""]","[0.0, 0.0, 0.0, 0.0, 0.0, 0.0, 0.0, 0.0, 0.0, 0.0, 0.0, 0.0, 0.0, 0.0, 0.0, 0.0, 0.0, 0.0, 0.0, 0.0, 0.0, 0.0, 0.0, 0.0, 0.0, 0.0, 0.0, 0.0, 0.0, 0.0, 0.0, 0.0, 0.0, 0.0, 0.0, 0.0, 0.0, 0.0, 0.0, 0.0, 0.0, 0.0, 0.0, 0.0, 0.0, 0.0, 0.0, 0.0, 0.0, 0.0]"
Hybrid_CrossEncoder_L12,recommended paper types,keyword,easy,8.82207727432251,0.0,0.0,0.07692307692307693,0.0,0.0,0.0,0.0,0,0,1.0,"[""TechDocs"", ""TechDocs"", ""TechDocs"", ""TechDocs"", ""TechDocs"", ""TechDocs"", ""TechDocs"", ""TechDocs"", ""TechDocs"", ""TechDocs""]","[0.0, 0.0, 0.0, 0.0, 0.0, 0.0, 0.0, 0.0, 0.0, 0.0, 0.0, 0.0, 1.0, 0.0, 0.0, 0.0, 0.0, 0.0, 0.0, 0.0, 0.0, 0.0, 0.0, 0.0, 0.0, 0.0, 0.0, 0.0, 0.0, 0.0, 0.0, 0.0, 0.0, 0.0, 0.0, 0.0, 0.0, 0.0, 0.0, 0.0, 0.0, 0.0, 0.0, 0.0, 0.0, 0.0, 0.0, 0.0, 0.0, 0.0]"
Hybrid_CrossEncoder_L12,default settings,keyword,easy,9.995171546936035,0.7664233576642336,0.5974800162579597,1.0,1.0,1.0,0.6,0.3,0.7499999999999999,0.4615384615384615,3.0,"[""TechDocs"", ""TechDocs"", ""TechDocs"", ""TechDocs"", ""TechDocs"", ""TechDocs"", ""TechDocs"", ""TechDocs"", ""TechDocs"", ""TechDocs""]","[1.0, 1.0, 0.0, 1.0, 0.0, 0.0, 0.0, 0.0, 0.0, 0.0, 0.0, 0.0, 0.0, 0.0, 0.0, 0.0, 0.0, 0.0, 0.0, 0.0, 0.0, 0.0, 0.0, 0.0, 0.0, 0.0, 0.0, 0.0, 0.0, 0.0, 0.0, 0.0, 0.0, 0.0, 0.0, 0.0, 0.0, 0.0, 0.0, 0.0, 0.0, 0.0, 0.0, 0.0, 0.0, 0.0, 0.0, 0.0, 0.0, 0.0]"
Hybrid_CrossEncoder_L12,how to use automatic document feeder,semantic,medium,10.390040636062622,0.0,0.0,0.0,0.0,0.0,0.0,0.0,0,0,0.0,"[""TechDocs"", ""TechDocs"", ""TechDocs"", ""TechDocs"", ""TechDocs"", ""TechDocs"", ""TechDocs"", ""TechDocs"", ""TechDocs"", ""TechDocs""]","[0.0, 0.0, 0.0, 0.0, 0.0, 0.0, 0.0, 0.0, 0.0, 0.0, 0.0, 0.0, 0.0, 0.0, 0.0, 0.0, 0.0, 0.0, 0.0, 0.0, 0.0, 0.0, 0.0, 0.0, 0.0, 0.0, 0.0, 0.0, 0.0, 0.0, 0.0, 0.0, 0.0, 0.0, 0.0, 0.0, 0.0, 0.0, 0.0, 0.0, 0.0, 0.0, 0.0, 0.0, 0.0, 0.0, 0.0, 0.0, 0.0, 0.0]"
Hybrid_CrossEncoder_L12,adjust print density,semantic,medium,10.695680379867554,0.0,0.0,0.03125,0.0,0.0,0.0,0.0,0,0,1.0,"[""TechDocs"", ""TechDocs"", ""TechDocs"", ""TechDocs"", ""TechDocs"", ""TechDocs"", ""TechDocs"", ""TechDocs"", ""TechDocs"", ""TechDocs""]","[0.0, 0.0, 0.0, 0.0, 0.0, 0.0, 0.0, 0.0, 0.0, 0.0, 0.0, 0.0, 0.0, 0.0, 0.0, 0.0, 0.0, 0.0, 0.0, 0.0, 0.0, 0.0, 0.0, 0.0, 0.0, 0.0, 0.0, 0.0, 0.0, 0.0, 0.0, 1.0, 0.0, 0.0, 0.0, 0.0, 0.0, 0.0, 0.0, 0.0, 0.0, 0.0, 0.0, 0.0, 0.0, 0.0, 0.0, 0.0, 0.0, 0.0]"
Hybrid_CrossEncoder_L12,firmware upgrade instructions,semantic,medium,16.134861946105957,0.0,0.0,0.041666666666666664,0.0,0.0,0.0,0.0,0,0,2.0,"[""TechDocs"", ""TechDocs"", ""TechDocs"", ""TechDocs"", ""TechDocs"", ""TechDocs"", ""TechDocs"", ""TechDocs"", ""TechDocs"", ""TechDocs""]","[0.0, 0.0, 0.0, 0.0, 0.0, 0.0, 0.0, 0.0, 0.0, 0.0, 0.0, 0.0, 0.0, 0.0, 0.0, 0.0, 0.0, 0.0, 0.0, 0.0, 0.0, 0.0, 0.0, 1.0, 0.0, 0.0, 0.0, 0.0, 1.0, 0.0, 0.0, 0.0, 0.0, 0.0, 0.0, 0.0, 0.0, 0.0, 0.0, 0.0, 0.0, 0.0, 0.0, 0.0, 0.0, 0.0, 0.0, 0.0, 0.0, 0.0]"
Hybrid_CrossEncoder_L12,set up scan to network folder,semantic,hard,11.41170048713684,0.0,0.0,0.0,0.0,0.0,0.0,0.0,0,0,0.0,"[""TechDocs"", ""TechDocs"", ""TechDocs"", ""TechDocs"", ""TechDocs"", ""TechDocs"", ""TechDocs"", ""TechDocs"", ""TechDocs"", ""TechDocs""]","[0.0, 0.0, 0.0, 0.0, 0.0, 0.0, 0.0, 0.0, 0.0, 0.0, 0.0, 0.0, 0.0, 0.0, 0.0, 0.0, 0.0, 0.0, 0.0, 0.0, 0.0, 0.0, 0.0, 0.0, 0.0, 0.0, 0.0, 0.0, 0.0, 0.0, 0.0, 0.0, 0.0, 0.0, 0.0, 0.0, 0.0, 0.0, 0.0, 0.0, 0.0, 0.0, 0.0, 0.0, 0.0, 0.0, 0.0, 0.0, 0.0, 0.0]"
Hybrid_CrossEncoder_L12,setup email notification,semantic,hard,14.660834550857544,0.0,0.0,0.0,0.0,0.0,0.0,0.0,0,0,0.0,"[""TechDocs"", ""TechDocs"", ""TechDocs"", ""TechDocs"", ""TechDocs"", ""TechDocs"", ""TechDocs"", ""TechDocs"", ""TechDocs"", ""TechDocs""]","[0.0, 0.0, 0.0, 0.0, 0.0, 0.0, 0.0, 0.0, 0.0, 0.0, 0.0, 0.0, 0.0, 0.0, 0.0, 0.0, 0.0, 0.0, 0.0, 0.0, 0.0, 0.0, 0.0, 0.0, 0.0, 0.0, 0.0, 0.0, 0.0, 0.0, 0.0, 0.0, 0.0, 0.0, 0.0, 0.0, 0.0, 0.0, 0.0, 0.0, 0.0, 0.0, 0.0, 0.0, 0.0, 0.0, 0.0, 0.0, 0.0, 0.0]"
Hybrid_CrossEncoder_L12,how to copy documents,semantic,easy,13.641655445098877,0.0,0.0,0.0,0.0,0.0,0.0,0.0,0,0,0.0,"[""TechDocs"", ""TechDocs"", ""TechDocs"", ""TechDocs"", ""TechDocs"", ""TechDocs"", ""TechDocs"", ""TechDocs"", ""TechDocs"", ""TechDocs""]","[0.0, 0.0, 0.0, 0.0, 0.0, 0.0, 0.0, 0.0, 0.0, 0.0, 0.0, 0.0, 0.0, 0.0, 0.0, 0.0, 0.0, 0.0, 0.0, 0.0, 0.0, 0.0, 0.0, 0.0, 0.0, 0.0, 0.0, 0.0, 0.0, 0.0, 0.0, 0.0, 0.0, 0.0, 0.0, 0.0, 0.0, 0.0, 0.0, 0.0, 0.0, 0.0, 0.0, 0.0, 0.0, 0.0, 0.0, 0.0, 0.0, 0.0]"
Hybrid_CrossEncoder_L12,paper tray adjustment,keyword,easy,8.427718877792358,0.0,0.04877387887820079,0.14285714285714285,0.0,0.3333333333333333,0.0,0.1,0,0.15384615384615383,5.0,"[""TechDocs"", ""TechDocs"", ""TechDocs"", ""TechDocs"", ""TechDocs"", ""TechDocs"", ""TechDocs"", ""TechDocs"", ""TechDocs"", ""TechDocs""]","[0.0, 0.0, 0.0, 0.0, 0.0, 0.0, 1.0, 0.0, 0.0, 0.0, 0.0, 1.0, 1.0, 0.0, 0.0, 0.0, 1.0, 1.0, 0.0, 0.0, 0.0, 0.0, 0.0, 0.0, 0.0, 0.0, 0.0, 0.0, 0.0, 0.0, 0.0, 0.0, 0.0, 0.0, 0.0, 0.0, 0.0, 0.0, 0.0, 0.0, 0.0, 0.0, 0.0, 0.0, 0.0, 0.0, 0.0, 0.0, 0.0, 0.0]"
Hybrid_CrossEncoder_L12,print quality improvement,semantic,medium,10.555835485458374,0.8029197080291971,0.6259314456035767,1.0,1.0,1.0,0.6,0.3,0.7499999999999999,0.4615384615384615,4.0,"[""TechDocs"", ""TechDocs"", ""TechDocs"", ""TechDocs"", ""TechDocs"", ""TechDocs"", ""TechDocs"", ""TechDocs"", ""TechDocs"", ""TechDocs""]","[1.0, 1.0, 1.0, 0.0, 0.0, 0.0, 0.0, 0.0, 0.0, 0.0, 0.0, 0.0, 0.0, 0.0, 0.0, 0.0, 0.0, 0.0, 0.0, 0.0, 0.0, 0.0, 0.0, 0.0, 0.0, 0.0, 0.0, 0.0, 0.0, 1.0, 0.0, 0.0, 0.0, 0.0, 0.0, 0.0, 0.0, 0.0, 0.0, 0.0, 0.0, 0.0, 0.0, 0.0, 0.0, 0.0, 0.0, 0.0, 0.0, 0.0]"
Hybrid_CrossEncoder_L12,network configuration examples,semantic,hard,14.581898212432861,0.6569343065693432,0.5121257282211082,1.0,0.6666666666666666,0.6666666666666666,0.4,0.2,0.5,0.30769230769230765,4.0,"[""TechDocs"", ""TechDocs"", ""TechDocs"", ""TechDocs"", ""TechDocs"", ""TechDocs"", ""TechDocs"", ""TechDocs"", ""TechDocs"", ""Other""]","[1.0, 1.0, 0.0, 0.0, 0.0, 0.0, 0.0, 0.0, 0.0, 0.0, 0.0, 0.0, 0.0, 0.0, 0.0, 0.0, 0.0, 0.0, 0.0, 0.0, 0.0, 0.0, 0.0, 0.0, 0.0, 0.0, 0.0, 0.0, 0.0, 0.0, 0.0, 0.0, 0.0, 0.0, 0.0, 0.0, 0.0, 0.0, 0.0, 0.0, 0.0, 0.0, 1.0, 0.0, 0.0, 0.0, 0.0, 0.0, 0.0, 1.0]"
Hybrid_CrossEncoder_L12,how to replace ink cartridges,keyword,easy,11.270207405090332,0.0,0.0,0.0,0.0,0.0,0.0,0.0,0,0,0.0,"[""TechDocs"", ""TechDocs"", ""TechDocs"", ""TechDocs"", ""TechDocs"", ""TechDocs"", ""TechDocs"", ""TechDocs"", ""TechDocs"", ""TechDocs""]","[0.0, 0.0, 0.0, 0.0, 0.0, 0.0, 0.0, 0.0, 0.0, 0.0, 0.0, 0.0, 0.0, 0.0, 0.0, 0.0, 0.0, 0.0, 0.0, 0.0, 0.0, 0.0, 0.0, 0.0, 0.0, 0.0, 0.0, 0.0, 0.0, 0.0, 0.0, 0.0, 0.0, 0.0, 0.0, 0.0, 0.0, 0.0, 0.0, 0.0, 0.0, 0.0, 0.0, 0.0, 0.0, 0.0, 0.0, 0.0, 0.0, 0.0]"
Hybrid_CrossEncoder_L12,scan resolution settings,semantic,medium,10.479712963104248,0.0,0.0,0.0,0.0,0.0,0.0,0.0,0,0,0.0,"[""TechDocs"", ""TechDocs"", ""TechDocs"", ""TechDocs"", ""TechDocs"", ""TechDocs"", ""TechDocs"", ""TechDocs"", ""TechDocs"", ""TechDocs""]","[0.0, 0.0, 0.0, 0.0, 0.0, 0.0, 0.0, 0.0, 0.0, 0.0, 0.0, 0.0, 0.0, 0.0, 0.0, 0.0, 0.0, 0.0, 0.0, 0.0, 0.0, 0.0, 0.0, 0.0, 0.0, 0.0, 0.0, 0.0, 0.0, 0.0, 0.0, 0.0, 0.0, 0.0, 0.0, 0.0, 0.0, 0.0, 0.0, 0.0, 0.0, 0.0, 0.0, 0.0, 0.0, 0.0, 0.0, 0.0, 0.0, 0.0]"
Hybrid_CrossEncoder_L12,printer security settings,semantic,hard,9.925997257232666,0.0,0.0,0.0,0.0,0.0,0.0,0.0,0,0,0.0,"[""TechDocs"", ""TechDocs"", ""TechDocs"", ""TechDocs"", ""TechDocs"", ""TechDocs"", ""TechDocs"", ""TechDocs"", ""TechDocs"", ""TechDocs""]","[0.0, 0.0, 0.0, 0.0, 0.0, 0.0, 0.0, 0.0, 0.0, 0.0, 0.0, 0.0, 0.0, 0.0, 0.0, 0.0, 0.0, 0.0, 0.0, 0.0, 0.0, 0.0, 0.0, 0.0, 0.0, 0.0, 0.0, 0.0, 0.0, 0.0, 0.0, 0.0, 0.0, 0.0, 0.0, 0.0, 0.0, 0.0, 0.0, 0.0, 0.0, 0.0, 0.0, 0.0, 0.0, 0.0, 0.0, 0.0, 0.0, 0.0]"
Hybrid_CrossEncoder_L12,how to share printer on network,semantic,medium,10.985252618789673,0.43795620437956206,0.34141715214740553,1.0,0.3333333333333333,0.3333333333333333,0.2,0.1,0.25,0.15384615384615383,1.0,"[""TechDocs"", ""TechDocs"", ""TechDocs"", ""TechDocs"", ""TechDocs"", ""TechDocs"", ""TechDocs"", ""TechDocs"", ""TechDocs"", ""TechDocs""]","[1.0, 0.0, 0.0, 0.0, 0.0, 0.0, 0.0, 0.0, 0.0, 0.0, 0.0, 0.0, 0.0, 0.0, 0.0, 0.0, 0.0, 0.0, 0.0, 0.0, 0.0, 0.0, 0.0, 0.0, 0.0, 0.0, 0.0, 0.0, 0.0, 0.0, 0.0, 0.0, 0.0, 0.0, 0.0, 0.0, 0.0, 0.0, 0.0, 0.0, 0.0, 0.0, 0.0, 0.0, 0.0, 0.0, 0.0, 0.0, 0.0, 0.0]"
Hybrid_CrossEncoder_L12,paper handling tips,keyword,easy,9.131633520126343,0.6569343065693432,0.5121257282211082,1.0,0.6666666666666666,0.6666666666666666,0.4,0.2,0.5,0.30769230769230765,4.0,"[""TechDocs"", ""TechDocs"", ""TechDocs"", ""TechDocs"", ""TechDocs"", ""TechDocs"", ""TechDocs"", ""TechDocs"", ""TechDocs"", ""TechDocs""]","[1.0, 1.0, 0.0, 0.0, 0.0, 0.0, 0.0, 0.0, 0.0, 0.0, 0.0, 0.0, 0.0, 0.0, 0.0, 0.0, 0.0, 0.0, 0.0, 0.0, 0.0, 0.0, 0.0, 0.0, 0.0, 0.0, 0.0, 0.0, 1.0, 0.0, 0.0, 0.0, 1.0, 0.0, 0.0, 0.0, 0.0, 0.0, 0.0, 0.0, 0.0, 0.0, 0.0, 0.0, 0.0, 0.0, 0.0, 0.0, 0.0, 0.0]"
Hybrid_CrossEncoder_L12,troubleshoot connection issues,semantic,hard,9.564725637435913,0.21897810218978103,0.17070857607370277,0.5,0.3333333333333333,0.3333333333333333,0.2,0.1,0.25,0.15384615384615383,1.0,"[""TechDocs"", ""TechDocs"", ""TechDocs"", ""TechDocs"", ""TechDocs"", ""TechDocs"", ""TechDocs"", ""TechDocs"", ""TechDocs"", ""TechDocs""]","[0.0, 1.0, 0.0, 0.0, 0.0, 0.0, 0.0, 0.0, 0.0, 0.0, 0.0, 0.0, 0.0, 0.0, 0.0, 0.0, 0.0, 0.0, 0.0, 0.0, 0.0, 0.0, 0.0, 0.0, 0.0, 0.0, 0.0, 0.0, 0.0, 0.0, 0.0, 0.0, 0.0, 0.0, 0.0, 0.0, 0.0, 0.0, 0.0, 0.0, 0.0, 0.0, 0.0, 0.0, 0.0, 0.0, 0.0, 0.0, 0.0, 0.0]"
Hybrid_CrossEncoder_L12,how to save scan to computer,semantic,medium,11.441838264465332,0.0,0.0,0.0,0.0,0.0,0.0,0.0,0,0,0.0,"[""TechDocs"", ""TechDocs"", ""TechDocs"", ""TechDocs"", ""TechDocs"", ""TechDocs"", ""TechDocs"", ""TechDocs"", ""TechDocs"", ""TechDocs""]","[0.0, 0.0, 0.0, 0.0, 0.0, 0.0, 0.0, 0.0, 0.0, 0.0, 0.0, 0.0, 0.0, 0.0, 0.0, 0.0, 0.0, 0.0, 0.0, 0.0, 0.0, 0.0, 0.0, 0.0, 0.0, 0.0, 0.0, 0.0, 0.0, 0.0, 0.0, 0.0, 0.0, 0.0, 0.0, 0.0, 0.0, 0.0, 0.0, 0.0, 0.0, 0.0, 0.0, 0.0, 0.0, 0.0, 0.0, 0.0, 0.0, 0.0]"
Hybrid_CrossEncoder_L12,printing preferences,keyword,easy,11.109259843826294,0.0,0.0,0.0,0.0,0.0,0.0,0.0,0,0,0.0,"[""TechDocs"", ""TechDocs"", ""TechDocs"", ""TechDocs"", ""TechDocs"", ""TechDocs"", ""TechDocs"", ""TechDocs"", ""TechDocs"", ""TechDocs""]","[0.0, 0.0, 0.0, 0.0, 0.0, 0.0, 0.0, 0.0, 0.0, 0.0, 0.0, 0.0, 0.0, 0.0, 0.0, 0.0, 0.0, 0.0, 0.0, 0.0, 0.0, 0.0, 0.0, 0.0, 0.0, 0.0, 0.0, 0.0, 0.0, 0.0, 0.0, 0.0, 0.0, 0.0, 0.0, 0.0, 0.0, 0.0, 0.0, 0.0, 0.0, 0.0, 0.0, 0.0, 0.0, 0.0, 0.0, 0.0, 0.0, 0.0]"
Hybrid_CrossEncoder_L12,scan to cloud storage,semantic,hard,11.875595092773438,0.0,0.0,0.0,0.0,0.0,0.0,0.0,0,0,0.0,"[""TechDocs"", ""TechDocs"", ""TechDocs"", ""TechDocs"", ""TechDocs"", ""TechDocs"", ""TechDocs"", ""TechDocs"", ""TechDocs"", ""TechDocs""]","[0.0, 0.0, 0.0, 0.0, 0.0, 0.0, 0.0, 0.0, 0.0, 0.0, 0.0, 0.0, 0.0, 0.0, 0.0, 0.0, 0.0, 0.0, 0.0, 0.0, 0.0, 0.0, 0.0, 0.0, 0.0, 0.0, 0.0, 0.0, 0.0, 0.0, 0.0, 0.0, 0.0, 0.0, 0.0, 0.0, 0.0, 0.0, 0.0, 0.0, 0.0, 0.0, 0.0, 0.0, 0.0, 0.0, 0.0, 0.0, 0.0, 0.0]"
Hybrid_CrossEncoder_L12,how to check printer status,keyword,easy,10.378817081451416,0.43795620437956206,0.3755588673621461,1.0,0.3333333333333333,0.6666666666666666,0.2,0.2,0.25,0.30769230769230765,2.0,"[""TechDocs"", ""TechDocs"", ""TechDocs"", ""TechDocs"", ""TechDocs"", ""TechDocs"", ""TechDocs"", ""TechDocs"", ""TechDocs"", ""TechDocs""]","[1.0, 0.0, 0.0, 0.0, 0.0, 0.0, 0.0, 0.0, 0.0, 1.0, 0.0, 0.0, 0.0, 0.0, 0.0, 0.0, 0.0, 0.0, 0.0, 0.0, 0.0, 0.0, 0.0, 0.0, 0.0, 0.0, 0.0, 0.0, 0.0, 0.0, 0.0, 0.0, 0.0, 0.0, 0.0, 0.0, 0.0, 0.0, 0.0, 0.0, 0.0, 0.0, 0.0, 0.0, 0.0, 0.0, 0.0, 0.0, 0.0, 0.0]"
Hybrid_CrossEncoder_L12,network printer setup,semantic,medium,10.146437883377075,0.0,0.0,0.0,0.0,0.0,0.0,0.0,0,0,0.0,"[""TechDocs"", ""TechDocs"", ""TechDocs"", ""TechDocs"", ""TechDocs"", ""TechDocs"", ""TechDocs"", ""TechDocs"", ""TechDocs"", ""TechDocs""]","[0.0, 0.0, 0.0, 0.0, 0.0, 0.0, 0.0, 0.0, 0.0, 0.0, 0.0, 0.0, 0.0, 0.0, 0.0, 0.0, 0.0, 0.0, 0.0, 0.0, 0.0, 0.0, 0.0, 0.0, 0.0, 0.0, 0.0, 0.0, 0.0, 0.0, 0.0, 0.0, 0.0, 0.0, 0.0, 0.0, 0.0, 0.0, 0.0, 0.0, 0.0, 0.0, 0.0, 0.0, 0.0, 0.0, 0.0, 0.0, 0.0, 0.0]"
Hybrid_CrossEncoder_L12,color calibration,semantic,hard,15.47471833229065,0.0,0.0,0.02040816326530612,0.0,0.0,0.0,0.0,0,0,1.0,"[""TechDocs"", ""Other"", ""Other"", ""Academic"", ""Other"", ""Other"", ""Other"", ""TechDocs"", ""Game"", ""TechDocs""]","[0.0, 0.0, 0.0, 0.0, 0.0, 0.0, 0.0, 0.0, 0.0, 0.0, 0.0, 0.0, 0.0, 0.0, 0.0, 0.0, 0.0, 0.0, 0.0, 0.0, 0.0, 0.0, 0.0, 0.0, 0.0, 0.0, 0.0, 0.0, 0.0, 0.0, 0.0, 0.0, 0.0, 0.0, 0.0, 0.0, 0.0, 0.0, 0.0, 0.0, 0.0, 0.0, 0.0, 0.0, 0.0, 0.0, 0.0, 0.0, 1.0, 0.0]"
Hybrid_CrossEncoder_L12,how to load paper,keyword,easy,9.501285552978516,0.43795620437956206,0.43286817504403197,1.0,0.3333333333333333,1.0,0.2,0.3,0.25,0.4615384615384615,6.0,"[""TechDocs"", ""TechDocs"", ""TechDocs"", ""TechDocs"", ""TechDocs"", ""TechDocs"", ""TechDocs"", ""TechDocs"", ""TechDocs"", ""TechDocs""]","[1.0, 0.0, 0.0, 0.0, 0.0, 0.0, 1.0, 1.0, 0.0, 0.0, 0.0, 0.0, 1.0, 0.0, 0.0, 0.0, 0.0, 1.0, 0.0, 0.0, 0.0, 0.0, 0.0, 0.0, 1.0, 0.0, 0.0, 0.0, 0.0, 0.0, 0.0, 0.0, 0.0, 0.0, 0.0, 0.0, 0.0, 0.0, 0.0, 0.0, 0.0, 0.0, 0.0, 0.0, 0.0, 0.0, 0.0, 0.0, 0.0, 0.0]"
Hybrid_CrossEncoder_L12,print job queue management,semantic,medium,15.79471230506897,0.0,0.0,0.045454545454545456,0.0,0.0,0.0,0.0,0,0,1.0,"[""TechDocs"", ""TechDocs"", ""TechDocs"", ""TechDocs"", ""TechDocs"", ""TechDocs"", ""TechDocs"", ""TechDocs"", ""TechDocs"", ""TechDocs""]","[0.0, 0.0, 0.0, 0.0, 0.0, 0.0, 0.0, 0.0, 0.0, 0.0, 0.0, 0.0, 0.0, 0.0, 0.0, 0.0, 0.0, 0.0, 0.0, 0.0, 0.0, 1.0, 0.0, 0.0, 0.0, 0.0, 0.0, 0.0, 0.0, 0.0, 0.0, 0.0, 0.0, 0.0, 0.0, 0.0, 0.0, 0.0, 0.0, 0.0, 0.0, 0.0, 0.0, 0.0, 0.0, 0.0, 0.0, 0.0, 0.0, 0.0]"
Hybrid_CrossEncoder_L12,advanced network settings,semantic,hard,10.9244384765625,0.0,0.0,0.0,0.0,0.0,0.0,0.0,0,0,0.0,"[""TechDocs"", ""TechDocs"", ""TechDocs"", ""TechDocs"", ""TechDocs"", ""TechDocs"", ""TechDocs"", ""TechDocs"", ""TechDocs"", ""TechDocs""]","[0.0, 0.0, 0.0, 0.0, 0.0, 0.0, 0.0, 0.0, 0.0, 0.0, 0.0, 0.0, 0.0, 0.0, 0.0, 0.0, 0.0, 0.0, 0.0, 0.0, 0.0, 0.0, 0.0, 0.0, 0.0, 0.0, 0.0, 0.0, 0.0, 0.0, 0.0, 0.0, 0.0, 0.0, 0.0, 0.0, 0.0, 0.0, 0.0, 0.0, 0.0, 0.0, 0.0, 0.0, 0.0, 0.0, 0.0, 0.0, 0.0, 0.0]"
Hybrid_CrossEncoder_L12,how to clean scanner glass,keyword,easy,11.489312648773193,0.21897810218978103,0.17070857607370277,0.5,0.3333333333333333,0.3333333333333333,0.2,0.1,0.25,0.15384615384615383,1.0,"[""TechDocs"", ""TechDocs"", ""TechDocs"", ""TechDocs"", ""TechDocs"", ""TechDocs"", ""TechDocs"", ""TechDocs"", ""TechDocs"", ""TechDocs""]","[0.0, 1.0, 0.0, 0.0, 0.0, 0.0, 0.0, 0.0, 0.0, 0.0, 0.0, 0.0, 0.0, 0.0, 0.0, 0.0, 0.0, 0.0, 0.0, 0.0, 0.0, 0.0, 0.0, 0.0, 0.0, 0.0, 0.0, 0.0, 0.0, 0.0, 0.0, 0.0, 0.0, 0.0, 0.0, 0.0, 0.0, 0.0, 0.0, 0.0, 0.0, 0.0, 0.0, 0.0, 0.0, 0.0, 0.0, 0.0, 0.0, 0.0]"
Hybrid_LLM_DeepSeek,paper jam solution,keyword,easy,8.394642353057861,0.9124087591240877,0.7112857336404282,1.0,1.0,1.0,0.8,0.4,0.888888888888889,0.5714285714285715,5.0,"[""TechDocs"", ""TechDocs"", ""TechDocs"", ""TechDocs"", ""TechDocs"", ""TechDocs"", ""TechDocs"", ""TechDocs"", ""TechDocs"", ""TechDocs""]","[1.0, 1.0, 1.0, 1.0, 0.0, 0.0, 0.0, 0.0, 0.0, 0.0, 0.0, 0.0, 0.0, 0.0, 1.0, 0.0, 0.0, 0.0, 0.0, 0.0, 0.0, 0.0, 0.0, 0.0, 0.0, 0.0, 0.0, 0.0, 0.0, 0.0, 0.0, 0.0, 0.0, 0.0, 0.0, 0.0, 0.0, 0.0, 0.0, 0.0, 0.0, 0.0, 0.0, 0.0, 0.0, 0.0, 0.0, 0.0, 0.0, 0.0]"
Hybrid_LLM_DeepSeek,how to reset the device,semantic,easy,8.427660703659058,0.21897810218978103,0.17070857607370277,0.5,0.3333333333333333,0.3333333333333333,0.2,0.1,0.25,0.15384615384615383,2.0,"[""TechDocs"", ""TechDocs"", ""TechDocs"", ""TechDocs"", ""TechDocs"", ""TechDocs"", ""TechDocs"", ""TechDocs"", ""TechDocs"", ""TechDocs""]","[0.0, 1.0, 0.0, 0.0, 0.0, 0.0, 0.0, 0.0, 0.0, 0.0, 0.0, 0.0, 0.0, 0.0, 0.0, 0.0, 0.0, 0.0, 0.0, 0.0, 0.0, 1.0, 0.0, 0.0, 0.0, 0.0, 0.0, 0.0, 0.0, 0.0, 0.0, 0.0, 0.0, 0.0, 0.0, 0.0, 0.0, 0.0, 0.0, 0.0, 0.0, 0.0, 0.0, 0.0, 0.0, 0.0, 0.0, 0.0, 0.0, 0.0]"
Hybrid_LLM_DeepSeek,scan to email,keyword,easy,5.724042654037476,0.0,0.0,0.0,0.0,0.0,0.0,0.0,0,0,0.0,"[""Game"", ""Game"", ""TechDocs"", ""Other"", ""TechDocs"", ""TechDocs"", ""Game"", ""Game"", ""TechDocs"", ""TechDocs""]","[0.0, 0.0, 0.0, 0.0, 0.0, 0.0, 0.0, 0.0, 0.0, 0.0, 0.0, 0.0, 0.0, 0.0, 0.0, 0.0, 0.0, 0.0, 0.0, 0.0, 0.0, 0.0, 0.0, 0.0, 0.0, 0.0, 0.0, 0.0, 0.0, 0.0, 0.0, 0.0, 0.0, 0.0, 0.0, 0.0, 0.0, 0.0, 0.0, 0.0, 0.0, 0.0, 0.0, 0.0, 0.0, 0.0, 0.0, 0.0, 0.0, 0.0]"
Hybrid_LLM_DeepSeek,replace toner cartridge,keyword,easy,7.390933036804199,0.0,0.0,0.029411764705882353,0.0,0.0,0.0,0.0,0,0,1.0,"[""TechDocs"", ""TechDocs"", ""TechDocs"", ""TechDocs"", ""TechDocs"", ""TechDocs"", ""TechDocs"", ""TechDocs"", ""TechDocs"", ""TechDocs""]","[0.0, 0.0, 0.0, 0.0, 0.0, 0.0, 0.0, 0.0, 0.0, 0.0, 0.0, 0.0, 0.0, 0.0, 0.0, 0.0, 0.0, 0.0, 0.0, 0.0, 0.0, 0.0, 0.0, 0.0, 0.0, 0.0, 0.0, 0.0, 0.0, 0.0, 0.0, 0.0, 0.0, 1.0, 0.0, 0.0, 0.0, 0.0, 0.0, 0.0, 0.0, 0.0, 0.0, 0.0, 0.0, 0.0, 0.0, 0.0, 0.0, 0.0]"
Hybrid_LLM_DeepSeek,connect printer to wifi network,semantic,medium,4.9776716232299805,0.8029197080291971,0.6259314456035767,1.0,1.0,1.0,0.6,0.3,0.7499999999999999,0.4615384615384615,3.0,"[""TechDocs"", ""TechDocs"", ""TechDocs"", ""TechDocs"", ""TechDocs"", ""TechDocs"", ""TechDocs"", ""TechDocs"", ""TechDocs"", ""TechDocs""]","[1.0, 1.0, 1.0, 0.0, 0.0, 0.0, 0.0, 0.0, 0.0, 0.0, 0.0, 0.0, 0.0, 0.0, 0.0, 0.0, 0.0, 0.0, 0.0, 0.0, 0.0, 0.0, 0.0, 0.0, 0.0, 0.0, 0.0, 0.0, 0.0, 0.0, 0.0, 0.0, 0.0, 0.0, 0.0, 0.0, 0.0, 0.0, 0.0, 0.0, 0.0, 0.0, 0.0, 0.0, 0.0, 0.0, 0.0, 0.0, 0.0, 0.0]"
Hybrid_LLM_DeepSeek,software update for printer,semantic,medium,6.484569311141968,0.0,0.0,0.0,0.0,0.0,0.0,0.0,0,0,0.0,"[""TechDocs"", ""TechDocs"", ""TechDocs"", ""TechDocs"", ""TechDocs"", ""TechDocs"", ""TechDocs"", ""TechDocs"", ""TechDocs"", ""TechDocs""]","[0.0, 0.0, 0.0, 0.0, 0.0, 0.0, 0.0, 0.0, 0.0, 0.0, 0.0, 0.0, 0.0, 0.0, 0.0, 0.0, 0.0, 0.0, 0.0, 0.0, 0.0, 0.0, 0.0, 0.0, 0.0, 0.0, 0.0, 0.0, 0.0, 0.0, 0.0, 0.0, 0.0, 0.0, 0.0, 0.0, 0.0, 0.0, 0.0, 0.0, 0.0, 0.0, 0.0, 0.0, 0.0, 0.0, 0.0, 0.0, 0.0, 0.0]"
Hybrid_LLM_DeepSeek,print from mobile phone,semantic,medium,3.1105360984802246,0.0,0.0,0.0,0.0,0.0,0.0,0.0,0,0,0.0,"[""TechDocs"", ""TechDocs"", ""TechDocs"", ""TechDocs"", ""TechDocs"", ""TechDocs"", ""TechDocs"", ""TechDocs"", ""TechDocs"", ""TechDocs""]","[0.0, 0.0, 0.0, 0.0, 0.0, 0.0, 0.0, 0.0, 0.0, 0.0]"
Hybrid_LLM_DeepSeek,troubleshoot print quality,semantic,hard,5.594310760498047,0.6569343065693432,0.5121257282211082,1.0,0.6666666666666666,0.6666666666666666,0.4,0.2,0.5,0.30769230769230765,2.0,"[""TechDocs"", ""TechDocs"", ""TechDocs"", ""TechDocs"", ""TechDocs"", ""TechDocs"", ""TechDocs"", ""TechDocs"", ""TechDocs"", ""TechDocs""]","[1.0, 1.0, 0.0, 0.0, 0.0, 0.0, 0.0, 0.0, 0.0, 0.0, 0.0, 0.0, 0.0, 0.0, 0.0, 0.0, 0.0, 0.0, 0.0, 0.0, 0.0, 0.0, 0.0, 0.0, 0.0, 0.0, 0.0, 0.0, 0.0, 0.0, 0.0, 0.0, 0.0, 0.0, 0.0, 0.0, 0.0, 0.0, 0.0, 0.0, 0.0, 0.0, 0.0, 0.0, 0.0, 0.0, 0.0, 0.0, 0.0, 0.0]"
Hybrid_LLM_DeepSeek,configure network settings,semantic,hard,7.541208744049072,0.5474452554744526,0.4267714401842569,1.0,0.6666666666666666,0.6666666666666666,0.4,0.2,0.5,0.30769230769230765,2.0,"[""TechDocs"", ""TechDocs"", ""TechDocs"", ""TechDocs"", ""TechDocs"", ""TechDocs"", ""TechDocs"", ""TechDocs"", ""TechDocs"", ""TechDocs""]","[1.0, 0.0, 0.0, 1.0, 0.0, 0.0, 0.0, 0.0, 0.0, 0.0, 0.0, 0.0, 0.0, 0.0, 0.0, 0.0, 0.0, 0.0, 0.0, 0.0, 0.0, 0.0, 0.0, 0.0, 0.0, 0.0, 0.0, 0.0, 0.0, 0.0, 0.0, 0.0, 0.0, 0.0, 0.0, 0.0, 0.0, 0.0, 0.0, 0.0, 0.0, 0.0, 0.0, 0.0, 0.0, 0.0, 0.0, 0.0, 0.0, 0.0]"
Hybrid_LLM_DeepSeek,send fax to multiple recipients,semantic,hard,10.71502137184143,0.43795620437956206,0.5049451293862621,1.0,0.3333333333333333,1.6666666666666667,0.2,0.5,0.25,0.7692307692307692,8.0,"[""TechDocs"", ""TechDocs"", ""TechDocs"", ""TechDocs"", ""TechDocs"", ""TechDocs"", ""TechDocs"", ""TechDocs"", ""TechDocs"", ""TechDocs""]","[1.0, 0.0, 0.0, 0.0, 0.0, 0.0, 1.0, 1.0, 1.0, 1.0, 1.0, 1.0, 0.0, 0.0, 1.0, 0.0, 0.0, 0.0, 0.0, 0.0, 0.0, 0.0, 0.0, 0.0, 0.0, 0.0, 0.0, 0.0, 0.0, 0.0, 0.0, 0.0, 0.0, 0.0, 0.0, 0.0, 0.0, 0.0, 0.0, 0.0, 0.0, 0.0, 0.0, 0.0, 0.0, 0.0, 0.0, 0.0, 0.0, 0.0]"
Hybrid_LLM_DeepSeek,clean the printhead,semantic,medium,7.29522180557251,0.0,0.0,0.0,0.0,0.0,0.0,0.0,0,0,0.0,"[""TechDocs"", ""TechDocs"", ""TechDocs"", ""TechDocs"", ""TechDocs"", ""TechDocs"", ""TechDocs"", ""TechDocs"", ""TechDocs"", ""TechDocs""]","[0.0, 0.0, 0.0, 0.0, 0.0, 0.0, 0.0, 0.0, 0.0, 0.0, 0.0, 0.0, 0.0, 0.0, 0.0, 0.0, 0.0, 0.0, 0.0, 0.0, 0.0, 0.0, 0.0, 0.0, 0.0, 0.0, 0.0, 0.0, 0.0, 0.0, 0.0, 0.0, 0.0, 0.0, 0.0, 0.0, 0.0, 0.0, 0.0, 0.0, 0.0, 0.0, 0.0, 0.0, 0.0, 0.0, 0.0, 0.0, 0.0, 0.0]"
Hybrid_LLM_DeepSeek,factory reset printer,semantic,medium,11.149585247039795,0.0,0.0,0.0,0.0,0.0,0.0,0.0,0,0,0.0,"[""TechDocs"", ""TechDocs"", ""TechDocs"", ""TechDocs"", ""TechDocs"", ""TechDocs"", ""TechDocs"", ""TechDocs"", ""TechDocs"", ""TechDocs""]","[0.0, 0.0, 0.0, 0.0, 0.0, 0.0, 0.0, 0.0, 0.0, 0.0, 0.0, 0.0, 0.0, 0.0, 0.0, 0.0, 0.0, 0.0, 0.0, 0.0, 0.0, 0.0, 0.0, 0.0, 0.0, 0.0, 0.0, 0.0, 0.0, 0.0, 0.0, 0.0, 0.0, 0.0, 0.0, 0.0, 0.0, 0.0, 0.0, 0.0, 0.0, 0.0, 0.0, 0.0, 0.0, 0.0, 0.0, 0.0, 0.0]"
Hybrid_LLM_DeepSeek,check ink level,keyword,easy,6.741973161697388,0.43795620437956206,0.34141715214740553,1.0,0.3333333333333333,0.3333333333333333,0.2,0.1,0.25,0.15384615384615383,1.0,"[""TechDocs"", ""TechDocs"", ""TechDocs"", ""TechDocs"", ""TechDocs"", ""TechDocs"", ""TechDocs"", ""TechDocs"", ""TechDocs"", ""TechDocs""]","[1.0, 0.0, 0.0, 0.0, 0.0, 0.0, 0.0, 0.0, 0.0, 0.0, 0.0, 0.0, 0.0, 0.0, 0.0, 0.0, 0.0, 0.0, 0.0, 0.0, 0.0, 0.0, 0.0, 0.0, 0.0, 0.0, 0.0, 0.0, 0.0, 0.0, 0.0, 0.0, 0.0, 0.0, 0.0, 0.0, 0.0, 0.0, 0.0, 0.0, 0.0, 0.0, 0.0, 0.0, 0.0, 0.0, 0.0, 0.0, 0.0, 0.0]"
Hybrid_LLM_DeepSeek,duplex printing setup,semantic,medium,60.617231369018555,0.0,0.0,0.0,0.0,0.0,0.0,0.0,0,0,0.0,"[""TechDocs"", ""TechDocs"", ""TechDocs"", ""Academic"", ""TechDocs"", ""TechDocs"", ""TechDocs"", ""TechDocs"", ""TechDocs"", ""TechDocs""]","[0.0, 0.0, 0.0, 0.0, 0.0, 0.0, 0.0, 0.0, 0.0, 0.0, 0.0, 0.0, 0.0, 0.0, 0.0, 0.0, 0.0, 0.0, 0.0, 0.0, 0.0, 0.0, 0.0, 0.0, 0.0, 0.0, 0.0, 0.0, 0.0, 0.0, 0.0, 0.0, 0.0, 0.0, 0.0, 0.0, 0.0, 0.0, 0.0, 0.0, 0.0, 0.0, 0.0, 0.0, 0.0, 0.0, 0.0, 0.0, 0.0, 0.0]"
Hybrid_LLM_DeepSeek,scan document to USB drive,semantic,medium,7.702711343765259,0.43795620437956206,0.34141715214740553,1.0,0.3333333333333333,0.3333333333333333,0.2,0.1,0.25,0.15384615384615383,1.0,"[""TechDocs"", ""TechDocs"", ""TechDocs"", ""TechDocs"", ""TechDocs"", ""TechDocs"", ""TechDocs"", ""TechDocs"", ""Other"", ""TechDocs""]","[1.0, 0.0, 0.0, 0.0, 0.0, 0.0, 0.0, 0.0, 0.0, 0.0, 0.0, 0.0, 0.0, 0.0, 0.0, 0.0, 0.0, 0.0, 0.0, 0.0, 0.0, 0.0, 0.0, 0.0, 0.0, 0.0, 0.0, 0.0, 0.0, 0.0, 0.0, 0.0, 0.0, 0.0, 0.0, 0.0, 0.0, 0.0, 0.0, 0.0, 0.0, 0.0, 0.0, 0.0, 0.0, 0.0, 0.0, 0.0, 0.0, 0.0]"
Hybrid_LLM_DeepSeek,maintenance schedule,keyword,medium,6.167751789093018,0.43795620437956206,0.34141715214740553,1.0,0.3333333333333333,0.3333333333333333,0.2,0.1,0.25,0.15384615384615383,2.0,"[""TechDocs"", ""Other"", ""Other"", ""Other"", ""Game"", ""TechDocs"", ""Other"", ""Financial"", ""TechDocs"", ""TechDocs""]","[1.0, 0.0, 0.0, 0.0, 0.0, 0.0, 0.0, 0.0, 0.0, 0.0, 0.0, 0.0, 0.0, 0.0, 0.0, 0.0, 0.0, 0.0, 0.0, 0.0, 0.0, 0.0, 0.0, 0.0, 0.0, 0.0, 0.0, 0.0, 0.0, 0.0, 0.0, 0.0, 0.0, 0.0, 0.0, 0.0, 0.0, 0.0, 0.0, 0.0, 0.0, 0.0, 0.0, 0.0, 0.0, 1.0, 0.0, 0.0, 0.0, 0.0]"
Hybrid_LLM_DeepSeek,energy saving mode,keyword,easy,3.129196882247925,0.6569343065693432,0.5121257282211082,1.0,0.6666666666666666,0.6666666666666666,0.4,0.2,0.5,0.30769230769230765,4.0,"[""TechDocs"", ""TechDocs"", ""TechDocs"", ""TechDocs"", ""TechDocs"", ""TechDocs"", ""TechDocs"", ""TechDocs"", ""TechDocs"", ""TechDocs""]","[1.0, 1.0, 0.0, 0.0, 0.0, 0.0, 0.0, 0.0, 0.0, 0.0, 1.0, 1.0, 0.0, 0.0, 0.0, 0.0, 0.0, 0.0, 0.0, 0.0, 0.0, 0.0, 0.0, 0.0, 0.0, 0.0, 0.0, 0.0, 0.0, 0.0]"
Hybrid_LLM_DeepSeek,change paper size,keyword,easy,7.181814432144165,0.43795620437956206,0.38409429616583124,1.0,0.3333333333333333,0.6666666666666666,0.2,0.2,0.25,0.30769230769230765,2.0,"[""TechDocs"", ""TechDocs"", ""TechDocs"", ""TechDocs"", ""TechDocs"", ""TechDocs"", ""TechDocs"", ""TechDocs"", ""TechDocs"", ""TechDocs""]","[1.0, 0.0, 0.0, 0.0, 0.0, 0.0, 0.0, 1.0, 0.0, 0.0, 0.0, 0.0, 0.0, 0.0, 0.0, 0.0, 0.0, 0.0, 0.0, 0.0, 0.0, 0.0, 0.0, 0.0, 0.0, 0.0, 0.0, 0.0, 0.0, 0.0, 0.0, 0.0, 0.0, 0.0, 0.0, 0.0, 0.0, 0.0, 0.0, 0.0, 0.0, 0.0, 0.0, 0.0, 0.0, 0.0, 0.0, 0.0, 0.0, 0.0]"
Hybrid_LLM_DeepSeek,how to install printer driver,semantic,medium,53.073474645614624,0.0,0.0,0.0,0.0,0.0,0.0,0.0,0,0,0.0,"[""TechDocs"", ""TechDocs"", ""TechDocs"", ""TechDocs"", ""TechDocs"", ""TechDocs"", ""TechDocs"", ""TechDocs"", ""TechDocs"", ""TechDocs""]","[0.0, 0.0, 0.0, 0.0, 0.0, 0.0, 0.0, 0.0, 0.0, 0.0, 0.0, 0.0, 0.0, 0.0, 0.0, 0.0, 0.0, 0.0, 0.0, 0.0, 0.0, 0.0, 0.0, 0.0, 0.0, 0.0, 0.0, 0.0, 0.0, 0.0, 0.0, 0.0, 0.0, 0.0, 0.0, 0.0, 0.0, 0.0, 0.0, 0.0, 0.0, 0.0, 0.0, 0.0, 0.0, 0.0, 0.0, 0.0, 0.0, 0.0]"
Hybrid_LLM_DeepSeek,wireless connection setup,semantic,medium,5.022301435470581,0.36496350364963503,0.32719143747459695,0.5,0.6666666666666666,1.0,0.4,0.3,0.5,0.4615384615384615,3.0,"[""TechDocs"", ""TechDocs"", ""TechDocs"", ""TechDocs"", ""TechDocs"", ""TechDocs"", ""TechDocs"", ""TechDocs"", ""TechDocs"", ""TechDocs""]","[0.0, 1.0, 1.0, 0.0, 0.0, 0.0, 0.0, 1.0, 0.0, 0.0, 0.0, 0.0, 0.0, 0.0, 0.0, 0.0, 0.0, 0.0, 0.0, 0.0, 0.0, 0.0, 0.0, 0.0, 0.0, 0.0, 0.0, 0.0, 0.0, 0.0, 0.0, 0.0, 0.0, 0.0, 0.0, 0.0, 0.0, 0.0, 0.0, 0.0, 0.0, 0.0, 0.0, 0.0, 0.0, 0.0, 0.0, 0.0, 0.0, 0.0]"
Hybrid_LLM_DeepSeek,how to scan multiple pages,semantic,medium,6.5969932079315186,0.0,0.0,0.0,0.0,0.0,0.0,0.0,0,0,0.0,"[""TechDocs"", ""Game"", ""Game"", ""Game"", ""Game"", ""TechDocs"", ""TechDocs"", ""Game"", ""Game"", ""TechDocs""]","[0.0, 0.0, 0.0, 0.0, 0.0, 0.0, 0.0, 0.0, 0.0, 0.0, 0.0, 0.0, 0.0, 0.0, 0.0, 0.0, 0.0, 0.0, 0.0, 0.0, 0.0, 0.0, 0.0, 0.0, 0.0, 0.0, 0.0, 0.0, 0.0, 0.0, 0.0, 0.0, 0.0, 0.0, 0.0, 0.0, 0.0, 0.0, 0.0, 0.0, 0.0, 0.0, 0.0, 0.0, 0.0, 0.0, 0.0, 0.0, 0.0, 0.0]"
Hybrid_LLM_DeepSeek,cancel print job,keyword,easy,57.919307470321655,0.0,0.0,0.0,0.0,0.0,0.0,0.0,0,0,0.0,"[""TechDocs"", ""TechDocs"", ""TechDocs"", ""TechDocs"", ""TechDocs"", ""TechDocs"", ""TechDocs"", ""Game"", ""TechDocs"", ""TechDocs""]","[0.0, 0.0, 0.0, 0.0, 0.0, 0.0, 0.0, 0.0, 0.0, 0.0, 0.0, 0.0, 0.0, 0.0, 0.0, 0.0, 0.0, 0.0, 0.0, 0.0, 0.0, 0.0, 0.0, 0.0, 0.0, 0.0, 0.0, 0.0, 0.0, 0.0, 0.0, 0.0, 0.0, 0.0, 0.0, 0.0, 0.0, 0.0, 0.0, 0.0, 0.0, 0.0, 0.0, 0.0, 0.0, 0.0, 0.0, 0.0, 0.0, 0.0]"
Hybrid_LLM_DeepSeek,network troubleshooting guide,semantic,hard,40.33008670806885,0.0,0.0,0.02857142857142857,0.0,0.0,0.0,0.0,0,0,1.0,"[""TechDocs"", ""TechDocs"", ""TechDocs"", ""TechDocs"", ""TechDocs"", ""TechDocs"", ""TechDocs"", ""TechDocs"", ""TechDocs"", ""Legal""]","[0.0, 0.0, 0.0, 0.0, 0.0, 0.0, 0.0, 0.0, 0.0, 0.0, 0.0, 0.0, 0.0, 0.0, 0.0, 0.0, 0.0, 0.0, 0.0, 0.0, 0.0, 0.0, 0.0, 0.0, 0.0, 0.0, 0.0, 0.0, 0.0, 0.0, 0.0, 0.0, 0.0, 0.0, 1.0, 0.0, 0.0, 0.0, 0.0, 0.0, 0.0, 0.0, 0.0, 0.0, 0.0, 0.0, 0.0, 0.0, 0.0, 0.0]"
Hybrid_LLM_DeepSeek,recommended paper types,keyword,easy,5.8209388256073,0.0,0.04877387887820079,0.14285714285714285,0.0,0.3333333333333333,0.0,0.1,0,0.15384615384615383,1.0,"[""TechDocs"", ""TechDocs"", ""TechDocs"", ""TechDocs"", ""TechDocs"", ""TechDocs"", ""TechDocs"", ""TechDocs"", ""TechDocs"", ""TechDocs""]","[0.0, 0.0, 0.0, 0.0, 0.0, 0.0, 1.0, 0.0, 0.0, 0.0, 0.0, 0.0, 0.0, 0.0, 0.0, 0.0, 0.0, 0.0, 0.0, 0.0, 0.0, 0.0, 0.0, 0.0, 0.0, 0.0, 0.0, 0.0, 0.0, 0.0, 0.0, 0.0, 0.0, 0.0, 0.0, 0.0, 0.0, 0.0, 0.0, 0.0, 0.0, 0.0, 0.0, 0.0, 0.0, 0.0, 0.0, 0.0, 0.0, 0.0]"
Hybrid_LLM_DeepSeek,default settings,keyword,easy,6.582028388977051,0.4525547445255474,0.35279772388565234,0.5,1.0,1.0,0.6,0.3,0.7499999999999999,0.4615384615384615,4.0,"[""TechDocs"", ""TechDocs"", ""TechDocs"", ""TechDocs"", ""TechDocs"", ""TechDocs"", ""TechDocs"", ""TechDocs"", ""TechDocs"", ""Financial""]","[0.0, 1.0, 1.0, 0.0, 1.0, 0.0, 0.0, 0.0, 0.0, 0.0, 0.0, 0.0, 0.0, 0.0, 0.0, 0.0, 0.0, 0.0, 0.0, 0.0, 0.0, 0.0, 0.0, 0.0, 0.0, 0.0, 0.0, 0.0, 1.0, 0.0, 0.0, 0.0, 0.0, 0.0, 0.0, 0.0, 0.0, 0.0, 0.0, 0.0, 0.0, 0.0, 0.0, 0.0, 0.0, 0.0, 0.0, 0.0, 0.0, 0.0]"
Hybrid_LLM_DeepSeek,how to use automatic document feeder,semantic,medium,7.472905874252319,0.0,0.0,0.0,0.0,0.0,0.0,0.0,0,0,0.0,"[""TechDocs"", ""TechDocs"", ""TechDocs"", ""TechDocs"", ""TechDocs"", ""TechDocs"", ""TechDocs"", ""TechDocs"", ""TechDocs"", ""TechDocs""]","[0.0, 0.0, 0.0, 0.0, 0.0, 0.0, 0.0, 0.0, 0.0, 0.0, 0.0, 0.0, 0.0, 0.0, 0.0, 0.0, 0.0, 0.0, 0.0, 0.0, 0.0, 0.0, 0.0, 0.0, 0.0, 0.0, 0.0, 0.0, 0.0, 0.0, 0.0, 0.0, 0.0, 0.0, 0.0, 0.0, 0.0, 0.0, 0.0, 0.0, 0.0, 0.0, 0.0, 0.0, 0.0, 0.0, 0.0, 0.0, 0.0, 0.0]"
Hybrid_LLM_DeepSeek,adjust print density,semantic,medium,7.0071117877960205,0.0,0.0,0.020833333333333332,0.0,0.0,0.0,0.0,0,0,1.0,"[""TechDocs"", ""TechDocs"", ""TechDocs"", ""TechDocs"", ""TechDocs"", ""TechDocs"", ""TechDocs"", ""Healthcare"", ""TechDocs"", ""TechDocs""]","[0.0, 0.0, 0.0, 0.0, 0.0, 0.0, 0.0, 0.0, 0.0, 0.0, 0.0, 0.0, 0.0, 0.0, 0.0, 0.0, 0.0, 0.0, 0.0, 0.0, 0.0, 0.0, 0.0, 0.0, 0.0, 0.0, 0.0, 0.0, 0.0, 0.0, 0.0, 0.0, 0.0, 0.0, 0.0, 0.0, 0.0, 0.0, 0.0, 0.0, 0.0, 0.0, 0.0, 0.0, 0.0, 0.0, 0.0, 1.0, 0.0, 0.0]"
Hybrid_LLM_DeepSeek,firmware upgrade instructions,semantic,medium,6.483831167221069,0.0,0.0,0.09090909090909091,0.0,0.0,0.0,0.0,0,0,2.0,"[""TechDocs"", ""TechDocs"", ""TechDocs"", ""TechDocs"", ""TechDocs"", ""Game"", ""TechDocs"", ""Other"", ""TechDocs"", ""Other""]","[0.0, 0.0, 0.0, 0.0, 0.0, 0.0, 0.0, 0.0, 0.0, 0.0, 1.0, 0.0, 0.0, 0.0, 0.0, 0.0, 0.0, 0.0, 0.0, 0.0, 0.0, 0.0, 1.0, 0.0, 0.0, 0.0, 0.0, 0.0, 0.0, 0.0, 0.0, 0.0, 0.0, 0.0, 0.0, 0.0, 0.0, 0.0, 0.0, 0.0, 0.0, 0.0, 0.0, 0.0, 0.0, 0.0, 0.0, 0.0, 0.0, 0.0]"
Hybrid_LLM_DeepSeek,set up scan to network folder,semantic,hard,7.600121021270752,0.0,0.0,0.038461538461538464,0.0,0.0,0.0,0.0,0,0,2.0,"[""TechDocs"", ""TechDocs"", ""TechDocs"", ""TechDocs"", ""TechDocs"", ""TechDocs"", ""TechDocs"", ""TechDocs"", ""TechDocs"", ""TechDocs""]","[0.0, 0.0, 0.0, 0.0, 0.0, 0.0, 0.0, 0.0, 0.0, 0.0, 0.0, 0.0, 0.0, 0.0, 0.0, 0.0, 0.0, 0.0, 0.0, 0.0, 0.0, 0.0, 0.0, 0.0, 0.0, 1.0, 0.0, 0.0, 0.0, 0.0, 0.0, 0.0, 0.0, 0.0, 0.0, 0.0, 0.0, 0.0, 0.0, 0.0, 0.0, 0.0, 0.0, 0.0, 0.0, 0.0, 0.0, 0.0, 0.0, 1.0]"
Hybrid_LLM_DeepSeek,setup email notification,semantic,hard,5.570554494857788,0.0,0.0,0.0,0.0,0.0,0.0,0.0,0,0,0.0,"[""Financial"", ""Other"", ""TechDocs"", ""Academic"", ""TechDocs"", ""Other"", ""TechDocs"", ""Game"", ""TechDocs"", ""TechDocs""]","[0.0, 0.0, 0.0, 0.0, 0.0, 0.0, 0.0, 0.0, 0.0, 0.0, 0.0, 0.0, 0.0, 0.0, 0.0, 0.0, 0.0, 0.0, 0.0, 0.0, 0.0, 0.0, 0.0, 0.0, 0.0, 0.0, 0.0, 0.0, 0.0, 0.0, 0.0, 0.0, 0.0, 0.0, 0.0, 0.0, 0.0, 0.0, 0.0, 0.0, 0.0, 0.0, 0.0, 0.0, 0.0, 0.0, 0.0, 0.0, 0.0, 0.0]"
Hybrid_LLM_DeepSeek,how to copy documents,semantic,easy,51.21579170227051,0.0,0.0,0.0,0.0,0.0,0.0,0.0,0,0,0.0,"[""TechDocs"", ""TechDocs"", ""TechDocs"", ""TechDocs"", ""TechDocs"", ""Other"", ""TechDocs"", ""TechDocs"", ""Other"", ""TechDocs""]","[0.0, 0.0, 0.0, 0.0, 0.0, 0.0, 0.0, 0.0, 0.0, 0.0, 0.0, 0.0, 0.0, 0.0, 0.0, 0.0, 0.0, 0.0, 0.0, 0.0, 0.0, 0.0, 0.0, 0.0, 0.0, 0.0, 0.0, 0.0, 0.0, 0.0, 0.0, 0.0, 0.0, 0.0, 0.0, 0.0, 0.0, 0.0, 0.0, 0.0, 0.0, 0.0, 0.0, 0.0, 0.0, 0.0, 0.0, 0.0, 0.0, 0.0]"
Hybrid_LLM_DeepSeek,paper tray adjustment,keyword,easy,26.372622966766357,0.0,0.12559273811136704,0.14285714285714285,0.0,1.0,0.0,0.3,0,0.4615384615384615,6.0,"[""TechDocs"", ""TechDocs"", ""TechDocs"", ""TechDocs"", ""TechDocs"", ""TechDocs"", ""TechDocs"", ""TechDocs"", ""TechDocs"", ""TechDocs""]","[0.0, 0.0, 0.0, 0.0, 0.0, 0.0, 1.0, 1.0, 0.0, 1.0, 0.0, 0.0, 0.0, 1.0, 0.0, 1.0, 0.0, 0.0, 0.0, 0.0, 0.0, 0.0, 0.0, 0.0, 0.0, 0.0, 0.0, 0.0, 0.0, 0.0, 0.0, 0.0, 0.0, 0.0, 0.0, 0.0, 0.0, 0.0, 0.0, 0.0, 1.0, 0.0, 0.0, 0.0, 0.0, 0.0, 0.0, 0.0, 0.0, 0.0]"
Hybrid_LLM_DeepSeek,print quality improvement,semantic,medium,25.747406721115112,0.8029197080291971,0.6259314456035767,1.0,1.0,1.0,0.6,0.3,0.7499999999999999,0.4615384615384615,3.0,"[""TechDocs"", ""TechDocs"", ""TechDocs"", ""TechDocs"", ""TechDocs"", ""TechDocs"", ""TechDocs"", ""TechDocs"", ""TechDocs"", ""TechDocs""]","[1.0, 1.0, 1.0, 0.0, 0.0, 0.0, 0.0, 0.0, 0.0, 0.0, 0.0, 0.0, 0.0, 0.0, 0.0, 0.0, 0.0, 0.0, 0.0, 0.0, 0.0, 0.0, 0.0, 0.0, 0.0, 0.0, 0.0, 0.0, 0.0, 0.0, 0.0, 0.0, 0.0, 0.0, 0.0, 0.0, 0.0, 0.0, 0.0]"
Hybrid_LLM_DeepSeek,network configuration examples,semantic,hard,7.212046384811401,0.6569343065693432,0.5462674434358489,1.0,0.6666666666666666,1.0,0.4,0.3,0.5,0.4615384615384615,3.0,"[""TechDocs"", ""TechDocs"", ""Legal"", ""Legal"", ""TechDocs"", ""Academic"", ""TechDocs"", ""TechDocs"", ""TechDocs"", ""TechDocs""]","[1.0, 1.0, 0.0, 0.0, 0.0, 0.0, 0.0, 0.0, 0.0, 1.0, 0.0, 0.0, 0.0, 0.0, 0.0, 0.0, 0.0, 0.0, 0.0, 0.0, 0.0, 0.0, 0.0, 0.0, 0.0, 0.0, 0.0, 0.0, 0.0, 0.0, 0.0, 0.0, 0.0, 0.0, 0.0, 0.0, 0.0, 0.0, 0.0, 0.0, 0.0, 0.0, 0.0, 0.0, 0.0, 0.0, 0.0, 0.0, 0.0, 0.0]"
Hybrid_LLM_DeepSeek,how to replace ink cartridges,keyword,easy,6.279319524765015,0.0,0.0,0.0,0.0,0.0,0.0,0.0,0,0,0.0,"[""TechDocs"", ""TechDocs"", ""TechDocs"", ""TechDocs"", ""TechDocs"", ""TechDocs"", ""TechDocs"", ""TechDocs"", ""TechDocs"", ""TechDocs""]","[0.0, 0.0, 0.0, 0.0, 0.0, 0.0, 0.0, 0.0, 0.0, 0.0, 0.0, 0.0, 0.0, 0.0, 0.0, 0.0, 0.0, 0.0, 0.0, 0.0, 0.0, 0.0, 0.0, 0.0, 0.0, 0.0, 0.0, 0.0, 0.0, 0.0, 0.0, 0.0, 0.0, 0.0, 0.0, 0.0, 0.0, 0.0, 0.0, 0.0, 0.0, 0.0, 0.0, 0.0, 0.0, 0.0, 0.0, 0.0, 0.0, 0.0]"
Hybrid_LLM_DeepSeek,scan resolution settings,semantic,medium,5.425860166549683,0.0,0.0,0.045454545454545456,0.0,0.0,0.0,0.0,0,0,1.0,"[""TechDocs"", ""TechDocs"", ""TechDocs"", ""TechDocs"", ""TechDocs"", ""TechDocs"", ""TechDocs"", ""TechDocs"", ""TechDocs"", ""TechDocs""]","[0.0, 0.0, 0.0, 0.0, 0.0, 0.0, 0.0, 0.0, 0.0, 0.0, 0.0, 0.0, 0.0, 0.0, 0.0, 0.0, 0.0, 0.0, 0.0, 0.0, 0.0, 1.0, 0.0, 0.0, 0.0, 0.0, 0.0, 0.0, 0.0, 0.0, 0.0, 0.0, 0.0, 0.0, 0.0, 0.0, 0.0, 0.0, 0.0, 0.0, 0.0, 0.0, 0.0, 0.0, 0.0, 0.0, 0.0, 0.0, 0.0, 0.0]"
Hybrid_LLM_DeepSeek,printer security settings,semantic,hard,5.735799312591553,0.0,0.0,0.0,0.0,0.0,0.0,0.0,0,0,0.0,"[""TechDocs"", ""TechDocs"", ""TechDocs"", ""TechDocs"", ""TechDocs"", ""TechDocs"", ""TechDocs"", ""TechDocs"", ""TechDocs"", ""TechDocs""]","[0.0, 0.0, 0.0, 0.0, 0.0, 0.0, 0.0, 0.0, 0.0, 0.0, 0.0, 0.0, 0.0, 0.0, 0.0, 0.0, 0.0, 0.0, 0.0, 0.0, 0.0, 0.0, 0.0, 0.0, 0.0, 0.0, 0.0, 0.0, 0.0, 0.0, 0.0, 0.0, 0.0, 0.0, 0.0, 0.0, 0.0, 0.0, 0.0, 0.0, 0.0, 0.0, 0.0, 0.0, 0.0, 0.0, 0.0, 0.0, 0.0, 0.0]"
Hybrid_LLM_DeepSeek,how to share printer on network,semantic,medium,8.190346240997314,0.43795620437956206,0.34141715214740553,1.0,0.3333333333333333,0.3333333333333333,0.2,0.1,0.25,0.15384615384615383,1.0,"[""TechDocs"", ""TechDocs"", ""TechDocs"", ""TechDocs"", ""TechDocs"", ""TechDocs"", ""TechDocs"", ""TechDocs"", ""TechDocs"", ""TechDocs""]","[1.0, 0.0, 0.0, 0.0, 0.0, 0.0, 0.0, 0.0, 0.0, 0.0, 0.0, 0.0, 0.0, 0.0, 0.0, 0.0, 0.0, 0.0, 0.0, 0.0, 0.0, 0.0, 0.0, 0.0, 0.0, 0.0, 0.0, 0.0, 0.0, 0.0, 0.0, 0.0, 0.0, 0.0, 0.0, 0.0, 0.0, 0.0, 0.0, 0.0, 0.0, 0.0, 0.0, 0.0, 0.0, 0.0, 0.0, 0.0, 0.0, 0.0]"
Hybrid_LLM_DeepSeek,paper handling tips,keyword,easy,7.9883668422698975,0.5474452554744526,0.4267714401842569,1.0,0.6666666666666666,0.6666666666666666,0.4,0.2,0.5,0.30769230769230765,2.0,"[""TechDocs"", ""TechDocs"", ""TechDocs"", ""TechDocs"", ""TechDocs"", ""TechDocs"", ""TechDocs"", ""TechDocs"", ""TechDocs"", ""TechDocs""]","[1.0, 0.0, 0.0, 1.0, 0.0, 0.0, 0.0, 0.0, 0.0, 0.0, 0.0, 0.0, 0.0, 0.0, 0.0, 0.0, 0.0, 0.0, 0.0, 0.0, 0.0, 0.0, 0.0, 0.0, 0.0, 0.0, 0.0, 0.0, 0.0, 0.0, 0.0, 0.0, 0.0, 0.0, 0.0, 0.0, 0.0, 0.0, 0.0, 0.0, 0.0, 0.0, 0.0, 0.0, 0.0, 0.0, 0.0, 0.0, 0.0, 0.0]"
Hybrid_LLM_DeepSeek,troubleshoot connection issues,semantic,hard,8.0989408493042,0.21897810218978103,0.17070857607370277,0.5,0.3333333333333333,0.3333333333333333,0.2,0.1,0.25,0.15384615384615383,2.0,"[""TechDocs"", ""TechDocs"", ""TechDocs"", ""TechDocs"", ""Other"", ""TechDocs"", ""TechDocs"", ""TechDocs"", ""TechDocs"", ""TechDocs""]","[0.0, 1.0, 0.0, 0.0, 0.0, 0.0, 0.0, 0.0, 0.0, 0.0, 0.0, 0.0, 0.0, 0.0, 0.0, 0.0, 0.0, 0.0, 0.0, 0.0, 0.0, 0.0, 0.0, 0.0, 0.0, 0.0, 0.0, 0.0, 0.0, 0.0, 0.0, 0.0, 0.0, 0.0, 0.0, 0.0, 0.0, 0.0, 0.0, 0.0, 0.0, 1.0, 0.0, 0.0, 0.0, 0.0, 0.0, 0.0, 0.0, 0.0]"
Hybrid_LLM_DeepSeek,how to save scan to computer,semantic,medium,5.899612665176392,0.0,0.0,0.0,0.0,0.0,0.0,0.0,0,0,0.0,"[""TechDocs"", ""TechDocs"", ""TechDocs"", ""TechDocs"", ""TechDocs"", ""TechDocs"", ""TechDocs"", ""TechDocs"", ""TechDocs"", ""TechDocs""]","[0.0, 0.0, 0.0, 0.0, 0.0, 0.0, 0.0, 0.0, 0.0, 0.0, 0.0, 0.0, 0.0, 0.0, 0.0, 0.0, 0.0, 0.0, 0.0, 0.0, 0.0, 0.0, 0.0, 0.0, 0.0, 0.0, 0.0, 0.0, 0.0, 0.0, 0.0, 0.0, 0.0, 0.0, 0.0, 0.0, 0.0, 0.0, 0.0, 0.0, 0.0, 0.0, 0.0, 0.0, 0.0, 0.0, 0.0, 0.0, 0.0, 0.0]"
Hybrid_LLM_DeepSeek,printing preferences,keyword,easy,32.1711699962616,0.0,0.0,0.0,0.0,0.0,0.0,0.0,0,0,0.0,"[""TechDocs"", ""TechDocs"", ""TechDocs"", ""TechDocs"", ""TechDocs"", ""TechDocs"", ""TechDocs"", ""TechDocs"", ""TechDocs"", ""TechDocs""]","[0.0, 0.0, 0.0, 0.0, 0.0, 0.0, 0.0, 0.0, 0.0, 0.0, 0.0, 0.0, 0.0, 0.0, 0.0, 0.0, 0.0, 0.0, 0.0, 0.0, 0.0, 0.0, 0.0, 0.0, 0.0, 0.0, 0.0, 0.0, 0.0, 0.0, 0.0, 0.0, 0.0, 0.0, 0.0, 0.0, 0.0, 0.0, 0.0, 0.0, 0.0, 0.0, 0.0, 0.0, 0.0, 0.0, 0.0, 0.0, 0.0, 0.0]"
Hybrid_LLM_DeepSeek,scan to cloud storage,semantic,hard,8.374242305755615,0.0,0.0,0.0,0.0,0.0,0.0,0.0,0,0,0.0,"[""TechDocs"", ""TechDocs"", ""Other"", ""Game"", ""TechDocs"", ""TechDocs"", ""TechDocs"", ""Other"", ""TechDocs"", ""TechDocs""]","[0.0, 0.0, 0.0, 0.0, 0.0, 0.0, 0.0, 0.0, 0.0, 0.0, 0.0, 0.0, 0.0, 0.0, 0.0, 0.0, 0.0, 0.0, 0.0, 0.0, 0.0, 0.0, 0.0, 0.0, 0.0, 0.0, 0.0, 0.0, 0.0, 0.0, 0.0, 0.0, 0.0, 0.0, 0.0, 0.0, 0.0, 0.0, 0.0, 0.0, 0.0, 0.0, 0.0, 0.0, 0.0, 0.0, 0.0, 0.0, 0.0, 0.0]"
Hybrid_LLM_DeepSeek,how to check printer status,keyword,easy,5.977914094924927,0.5255474452554745,0.40970058257688663,1.0,0.6666666666666666,0.6666666666666666,0.4,0.2,0.5,0.30769230769230765,2.0,"[""TechDocs"", ""TechDocs"", ""TechDocs"", ""TechDocs"", ""TechDocs"", ""TechDocs"", ""TechDocs"", ""TechDocs"", ""TechDocs"", ""TechDocs""]","[1.0, 0.0, 0.0, 0.0, 1.0, 0.0, 0.0, 0.0, 0.0, 0.0, 0.0, 0.0, 0.0, 0.0, 0.0, 0.0, 0.0, 0.0, 0.0, 0.0, 0.0, 0.0, 0.0, 0.0, 0.0, 0.0, 0.0, 0.0, 0.0, 0.0, 0.0, 0.0, 0.0, 0.0, 0.0, 0.0, 0.0, 0.0, 0.0, 0.0, 0.0, 0.0, 0.0, 0.0, 0.0, 0.0, 0.0, 0.0, 0.0, 0.0]"
Hybrid_LLM_DeepSeek,network printer setup,semantic,medium,4.324889183044434,0.0,0.0,0.0,0.0,0.0,0.0,0.0,0,0,0.0,"[""TechDocs"", ""TechDocs"", ""TechDocs"", ""TechDocs"", ""TechDocs"", ""TechDocs"", ""TechDocs"", ""TechDocs"", ""TechDocs"", ""TechDocs""]","[0.0, 0.0, 0.0, 0.0, 0.0, 0.0, 0.0, 0.0, 0.0, 0.0, 0.0, 0.0, 0.0, 0.0, 0.0, 0.0, 0.0, 0.0, 0.0, 0.0, 0.0]"
Hybrid_LLM_DeepSeek,color calibration,semantic,hard,4.857227563858032,0.0,0.0,0.043478260869565216,0.0,0.0,0.0,0.0,0,0,1.0,"[""TechDocs"", ""TechDocs"", ""TechDocs"", ""TechDocs"", ""TechDocs"", ""TechDocs"", ""TechDocs"", ""TechDocs"", ""TechDocs"", ""TechDocs""]","[0.0, 0.0, 0.0, 0.0, 0.0, 0.0, 0.0, 0.0, 0.0, 0.0, 0.0, 0.0, 0.0, 0.0, 0.0, 0.0, 0.0, 0.0, 0.0, 0.0, 0.0, 0.0, 1.0, 0.0]"
Hybrid_LLM_DeepSeek,how to load paper,keyword,easy,5.2863850593566895,0.8905109489051095,0.6942148760330579,1.0,1.3333333333333333,1.3333333333333333,0.8,0.4,1.0,0.6153846153846153,6.0,"[""TechDocs"", ""TechDocs"", ""TechDocs"", ""TechDocs"", ""TechDocs"", ""TechDocs"", ""TechDocs"", ""TechDocs"", ""TechDocs"", ""TechDocs""]","[1.0, 1.0, 1.0, 0.0, 1.0, 0.0, 0.0, 0.0, 0.0, 0.0, 0.0, 1.0, 0.0, 0.0, 0.0, 0.0, 0.0, 0.0, 0.0, 0.0, 0.0, 0.0, 0.0, 0.0, 0.0, 0.0, 0.0, 0.0, 0.0, 0.0, 0.0, 0.0, 0.0, 0.0, 0.0, 0.0, 0.0, 1.0, 0.0, 0.0, 0.0, 0.0, 0.0, 0.0, 0.0, 0.0, 0.0, 0.0, 0.0, 0.0]"
Hybrid_LLM_DeepSeek,print job queue management,semantic,medium,9.866323709487915,0.0,0.0,0.0,0.0,0.0,0.0,0.0,0,0,0.0,"[""TechDocs"", ""Financial"", ""TechDocs"", ""TechDocs"", ""TechDocs"", ""TechDocs"", ""TechDocs"", ""TechDocs"", ""TechDocs"", ""TechDocs""]","[0.0, 0.0, 0.0, 0.0, 0.0, 0.0, 0.0, 0.0, 0.0, 0.0, 0.0, 0.0, 0.0, 0.0, 0.0, 0.0, 0.0, 0.0, 0.0, 0.0, 0.0, 0.0, 0.0, 0.0, 0.0, 0.0, 0.0, 0.0, 0.0, 0.0, 0.0, 0.0, 0.0, 0.0, 0.0, 0.0, 0.0, 0.0, 0.0, 0.0, 0.0, 0.0, 0.0, 0.0, 0.0, 0.0, 0.0, 0.0, 0.0, 0.0]"
Hybrid_LLM_DeepSeek,advanced network settings,semantic,hard,7.932890176773071,0.0,0.0,0.07692307692307693,0.0,0.0,0.0,0.0,0,0,2.0,"[""TechDocs"", ""TechDocs"", ""TechDocs"", ""TechDocs"", ""TechDocs"", ""TechDocs"", ""TechDocs"", ""TechDocs"", ""TechDocs"", ""TechDocs""]","[0.0, 0.0, 0.0, 0.0, 0.0, 0.0, 0.0, 0.0, 0.0, 0.0, 0.0, 0.0, 1.0, 0.0, 0.0, 0.0, 0.0, 0.0, 0.0, 0.0, 0.0, 0.0, 1.0, 0.0, 0.0, 0.0, 0.0, 0.0, 0.0, 0.0, 0.0, 0.0, 0.0, 0.0, 0.0, 0.0, 0.0, 0.0, 0.0, 0.0, 0.0, 0.0, 0.0, 0.0, 0.0, 0.0, 0.0, 0.0, 0.0, 0.0]"
Hybrid_LLM_DeepSeek,how to clean scanner glass,keyword,easy,6.397949934005737,0.21897810218978103,0.17070857607370277,0.5,0.3333333333333333,0.3333333333333333,0.2,0.1,0.25,0.15384615384615383,1.0,"[""TechDocs"", ""TechDocs"", ""TechDocs"", ""TechDocs"", ""TechDocs"", ""TechDocs"", ""TechDocs"", ""TechDocs"", ""TechDocs"", ""TechDocs""]","[0.0, 1.0, 0.0, 0.0, 0.0, 0.0, 0.0, 0.0, 0.0, 0.0, 0.0, 0.0, 0.0, 0.0, 0.0, 0.0, 0.0, 0.0, 0.0, 0.0, 0.0, 0.0, 0.0, 0.0, 0.0, 0.0, 0.0, 0.0, 0.0, 0.0, 0.0, 0.0, 0.0, 0.0, 0.0, 0.0, 0.0, 0.0, 0.0, 0.0, 0.0, 0.0, 0.0, 0.0, 0.0, 0.0, 0.0, 0.0, 0.0, 0.0]"
